"","year","continent","country","Fatalities (% of total)","Fatalities (Average % of country population per 1000)","Conflicts (% of total)","Conflicts (Average % of country participation in the region)","Control of Corruption (Mean)","Government Effectiveness (Mean)","Political Stability and Absence of Violence/Terrorism (Mean)","Rule of Law (Mean)","Regulatory Quality (Mean)","Voice and Accountability (Mean)","Population growth (Mean annual %)","Individuals using the Internet (Mean % of population)","Mortality rate, under-5 (Mean per 1,000 live births)"
"1",2018,"Africa","Angola",0,0.1,0,2.3,-1.1,-1.1,-0.3,-1,-0.9,-0.9,3.3,14.3,77.7
"2",2018,"Africa","Benin",0,0.2,0,0.6,-0.4,-0.6,-0.1,-0.7,-0.3,0.3,2.7,20,92.8
"3",2018,"Africa","Botswana",0,0,0,0.7,0.7,0.3,1,0.5,0.5,0.5,2.2,47,43
"4",2018,"Africa","Burkina Faso",0.2,1.5,0.2,10.7,-0.1,-0.6,-1,-0.4,-0.4,0,2.9,16,90.7
"5",2018,"Africa","Burundi",0.2,2.6,0.5,14.2,-1.5,-1.4,-1.6,-1.5,-1,-1.7,3.2,2.7,58.8
"6",2018,"Africa","Cameroon",1,5.7,0.4,22.4,-1.2,-0.8,-1.4,-1.1,-0.8,-1.1,2.6,23.2,77.5
"7",2018,"Africa","Central African Republic",0.6,19.6,0.3,17.9,-1.2,-1.7,-2.2,-1.7,-1.4,-1.2,1.5,4.3,114.2
"8",2018,"Africa","Chad",0.2,1.7,0,2.6,-1.4,-1.5,-1.5,-1.3,-1.1,-1.5,3,6.5,117.7
"9",2018,"Africa","Democratic Republic of Congo",1.8,3.2,0.9,53.4,-1.5,-1.6,-2.1,-1.8,-1.5,-1.5,3.2,8.6,87.6
"10",2018,"Africa","Djibouti",0,0,0,0.1,-0.7,-0.9,-0.1,-0.9,-0.7,-1.4,1.6,55.7,59.3
"11",2018,"Africa","Equatorial Guinea",0,0.2,0,0.2,-1.6,-1.3,-0.1,-1.4,-1.5,-1.9,3.7,26.2,84.7
"12",2018,"Africa","Eritrea",0,0,0,0.1,-1.3,-1.7,-0.6,-1.6,-2.2,-2.2,0,1.3,41.9
"13",2018,"Africa","eSwatini",0,0,0,0.6,-0.2,-0.7,-0.4,-0.2,-0.6,-1.4,1,47,55.3
"14",2018,"Africa","Ethiopia",0.9,1.3,0.5,13.2,-0.5,-0.6,-1.3,-0.4,-1,-1.1,2.6,18.6,53.1
"15",2018,"Africa","Gabon",0,0,0,1,-0.9,-0.8,-0.2,-0.7,-0.9,-0.9,2.6,62,43.6
"16",2018,"Africa","Gambia",0,0.1,0,0.3,-0.5,-0.6,-0.1,-0.4,-0.6,-0.2,2.9,19.8,53.7
"17",2018,"Africa","Ghana",0,0.1,0.1,2.6,-0.1,-0.2,0,0.1,-0.1,0.6,2.2,39,48
"18",2018,"Africa","Guinea",0,0.2,0.1,3.6,-1,-1,-0.9,-1.2,-0.8,-0.8,2.8,18,101.1
"19",2018,"Africa","Guinea-Bissau",0,0,0,0.2,-1.5,-1.5,-0.7,-1.2,-1.2,-0.7,2.5,3.9,81.4
"20",2018,"Africa","Ivory Coast",0,0,0,1.8,-0.5,-0.6,-0.9,-0.6,-0.2,-0.2,2.6,46.8,82.4
"21",2018,"Africa","Kenya",0.2,0.7,0.3,7.8,-0.9,-0.4,-1.2,-0.4,-0.2,-0.4,2.3,17.8,44.6
"22",2018,"Africa","Lesotho",0,0,0,0.2,-0.1,-0.9,-0.2,-0.3,-0.5,0,0.8,29,86.6
"23",2018,"Africa","Liberia",0,0,0,0.6,-0.9,-1.3,-0.2,-1,-1,0,2.5,8,86.4
"24",2018,"Africa","Madagascar",0.1,0.4,0.1,1.5,-1,-1.2,-0.6,-0.8,-0.7,-0.3,2.7,9.8,52.3
"25",2018,"Africa","Malawi",0,0.1,0,0.7,-0.7,-0.7,-0.4,-0.4,-0.7,-0.1,2.6,13.8,43.9
"26",2018,"Africa","Mali",1,8.3,0.4,19.3,-0.7,-1,-2.1,-0.8,-0.6,-0.3,3,13,97.4
"27",2018,"Africa","Mauritania",0,0.1,0,1.7,-0.8,-0.7,-0.6,-0.7,-0.8,-0.9,2.8,20.8,75.3
"28",2018,"Africa","Mozambique",0.1,0.7,0.1,2.3,-0.8,-0.9,-0.8,-1,-0.8,-0.5,2.9,10,77
"29",2018,"Africa","Namibia",0,0,0,2.4,0.3,0.1,0.7,0.2,-0.1,0.5,1.9,51,43.3
"30",2018,"Africa","Niger",0.3,2.2,0.1,4.5,-0.6,-0.8,-1.4,-0.6,-0.6,-0.6,3.8,5.3,83.4
"31",2018,"Africa","Nigeria",3.4,2.6,1,48.4,-1,-1,-2.1,-0.9,-0.8,-0.4,2.6,42,120
"32",2018,"Africa","Republic of Congo",0,0.5,0,0.3,-1.4,-1.2,-0.3,-1.1,-1.3,-1.2,2.6,8.7,49.3
"33",2018,"Africa","Rwanda",0,0.3,0,0.4,0.6,0.2,0.1,0.1,0.1,-1.1,2.6,21.8,35.9
"34",2018,"Africa","Senegal",0,0.1,0,2.1,0,-0.3,-0.1,-0.2,-0.1,0.2,2.8,46,47
"35",2018,"Africa","Sierra Leone",0,0.1,0.1,2.4,-0.5,-1.1,-0.1,-0.8,-0.9,-0.2,2.1,9,113.5
"36",2018,"Africa","Somalia",3,30,1.4,40.2,-1.8,-2.2,-2.2,-2.3,-2.3,-1.8,2.8,2,120.3
"37",2018,"Africa","South Africa",0.1,0.1,0.6,70.2,0,0.3,-0.2,-0.1,0.1,0.7,1.4,56.2,35
"38",2018,"Africa","South Sudan",0.9,13,0.5,13.1,-1.7,-2.4,-2.4,-2,-2,-2,0.6,8,96.2
"39",2018,"Africa","Tanzania",0,0.1,0,0.7,-0.4,-0.8,-0.6,-0.6,-0.6,-0.4,3,25,51.8
"40",2018,"Africa","Togo",0,0.1,0,1.2,-0.7,-1.1,-0.9,-0.6,-0.7,-0.7,2.4,12.4,69.1
"41",2018,"Africa","Uganda",0.1,0.3,0.2,5.8,-1,-0.6,-0.7,-0.3,-0.3,-0.7,3.7,23.7,48
"42",2018,"Africa","Zambia",0,0.1,0,3.7,-0.7,-0.6,0.1,-0.3,-0.5,-0.3,2.9,14.3,63.3
"43",2018,"Africa","Zimbabwe",0,0.2,0.2,22.2,-1.2,-1.2,-0.7,-1.3,-1.5,-1.1,1.4,27.1,55.9
"44",2018,"America","Antigua and Barbuda",0,0,0,2,0.3,0,0.8,0.4,0.4,0.6,0.9,76,6.9
"45",2018,"America","Argentina",0,0.1,1.1,8.4,-0.1,0,0,-0.2,-0.3,0.6,1,74.3,9.8
"46",2018,"America","Bahamas",0,0,0,1.8,1.1,0.5,0.9,0.1,0.2,0.8,1,85,12.9
"47",2018,"America","Barbados",0,0,0,0.3,1.4,0.4,0.9,0.4,0.5,1.1,0.1,81.8,13
"48",2018,"America","Belize",0,11.7,0,2.4,-0.1,-0.6,0,-0.8,-0.7,0.5,1.9,47.1,13
"49",2018,"America","Bolivia",0,0.2,0.2,1.3,-0.6,-0.3,-0.3,-1.1,-0.9,0,1.4,43.8,27
"50",2018,"America","Brazil",3.6,2.6,8.7,64,-0.4,-0.4,-0.4,-0.3,-0.3,0.4,0.8,67.5,14.4
"51",2018,"America","Caribbean Netherlands",0,0,0,0.2,0,0,0,0,0,0,0,0,0
"52",2018,"America","Chile",0,0,0.8,6.1,1,1.1,0.4,1.1,1.3,1.1,1.4,82.3,7.2
"53",2018,"America","Colombia",0.5,1.5,1,7.3,-0.3,-0.1,-0.8,-0.4,0.3,0.2,1.5,62.3,14.2
"54",2018,"America","Costa Rica",0,0,0.1,4.4,0.6,0.4,0.5,0.5,0.5,1.1,1,74.1,8.7
"55",2018,"America","Cuba",0,0,0,1.4,0.2,-0.2,0.7,-0.4,-1.5,-1.4,0,57.1,5.2
"56",2018,"America","Curacao",0,0,0,0.8,0,0,0,0,0,0,-0.2,68.1,0
"57",2018,"America","Dominica",0,0,0,0.9,0.5,-0.3,1.1,0.7,0.1,0.8,0.2,69.6,34
"58",2018,"America","Dominican Republic",0,0.1,0,5.1,-0.8,-0.4,0,-0.4,-0.1,0.1,1.1,74.8,28.8
"59",2018,"America","Ecuador",0,0.1,0.1,0.8,-0.6,-0.3,-0.1,-0.6,-0.9,0,1.8,57.3,14.3
"60",2018,"America","El Salvador",0.5,11.8,0.5,23.3,-0.6,-0.4,-0.4,-0.8,0,0,0.5,33.8,13.7
"61",2018,"America","French Guiana",0,0,0,0.2,1,1.4,0.5,1.2,1.3,1.3,0,0,0
"62",2018,"America","Grenada",0,0,0,0.8,0.4,-0.3,1,0.2,-0.3,0.5,0.5,59.1,16.6
"63",2018,"America","Guadeloupe",0,0,0,3,0,0,0,0,0,0,0,0,0
"64",2018,"America","Guatemala",0.4,3.8,0.5,24.4,-0.8,-0.7,-0.5,-1,-0.2,-0.3,1.6,65,25.4
"65",2018,"America","Guyana",0,0.1,0.1,0.4,-0.2,-0.3,-0.2,-0.4,-0.5,0.2,0.5,37.3,30.3
"66",2018,"America","Haiti",0.1,1.3,0.1,22,-1.3,-1.9,-0.6,-1.1,-1.3,-0.7,1.3,32.5,64.7
"67",2018,"America","Honduras",0.4,5.9,0.4,21.8,-0.6,-0.6,-0.5,-1,-0.4,-0.5,1.7,31.7,17.4
"68",2018,"America","Jamaica",0.1,3.6,0.1,10.2,-0.2,0.5,0.4,-0.2,0.2,0.6,0.5,55.1,14.3
"69",2018,"America","Martinique",0,0,0,4.7,1.2,1.1,1,0.9,1.2,0,0,0,0
"70",2018,"America","Mexico",5.6,6.6,6.9,100,-0.9,-0.2,-0.6,-0.6,0.2,0,1.1,65.8,14.7
"71",2018,"America","Nicaragua",0.2,4.9,0.2,8.8,-1.1,-0.8,-0.9,-1.1,-0.7,-1.1,1.3,27.9,17.3
"72",2018,"America","Panama",0,0,0.3,14.9,-0.6,0,0.3,-0.1,0.4,0.6,1.7,57.9,15.3
"73",2018,"America","Paraguay",0,0,0.1,1.1,-0.8,-0.5,-0.1,-0.5,-0.1,0.1,1.3,65,20.1
"74",2018,"America","Peru",0,0.1,0.2,1.5,-0.5,-0.2,-0.3,-0.5,0.5,0.2,1.7,52.5,13.7
"75",2018,"America","Puerto Rico",0.1,3.1,0.1,16.4,0,-0.2,0.3,0.6,0.9,0.5,-4,70.6,0
"76",2018,"America","Saint Kitts and Nevis",0,1.9,0,0.3,0.5,0.6,0.7,0.6,0.5,0.9,0.8,80.7,15.8
"77",2018,"America","Saint Lucia",0,0,0,0.1,0.5,0.2,1,0.6,0.3,0.9,0.5,50.8,22
"78",2018,"America","Sint Maarten",0,0,0,0.1,0,0,0,0,0,0,0.2,0,0
"79",2018,"America","Suriname",0,0,0,0.1,-0.2,-0.7,0.1,-0.1,-0.7,0.3,1,48.9,18.5
"80",2018,"America","Trinidad and Tobago",0.1,14.7,0.2,29.7,-0.3,0.2,0.2,-0.1,-0.1,0.6,0.4,77.3,18.1
"81",2018,"America","Turks and Caicos Islands",0,0,0,0.3,0,0,0,0,0,0,1.5,0,0
"82",2018,"America","Uruguay",0,0,0,0.1,1.3,0.6,1,0.6,0.5,1.2,0.4,68.3,7.5
"83",2018,"America","Venezuela",0.4,2.1,1.2,8.8,-1.5,-1.6,-1.3,-2.3,-2.4,-1.4,-1.8,72,24.2
"84",2018,"Asia","Bangladesh",0.2,0.1,0.7,4.8,-0.9,-0.7,-1,-0.6,-0.8,-0.7,1.1,15,32.3
"85",2018,"Asia","Cambodia",0,0.1,0,1.9,-1.3,-0.6,0.1,-1.1,-0.5,-1.2,1.5,40,27.6
"86",2018,"Asia","China",0,0,1.7,33.7,-0.3,0.5,-0.3,-0.2,-0.2,-1.4,0.5,54.3,8.5
"87",2018,"Asia","India",1.2,0.1,9.4,65.9,-0.2,0.3,-1,0,-0.2,0.4,1,34.5,36.3
"88",2018,"Asia","Indonesia",0.1,0.1,0.5,19.4,-0.3,0.2,-0.5,-0.3,-0.1,0.2,1.1,39.8,24.8
"89",2018,"Asia","Japan",0,0,0.9,17,1.4,1.7,1.1,1.5,1.3,1,-0.2,84.6,2.5
"90",2018,"Asia","Laos",0,0,0,0.1,-1,-0.7,0.4,-0.8,-0.8,-1.7,1.5,25.5,47.3
"91",2018,"Asia","Malaysia",0,0,0.1,4.3,0.3,1.1,0.3,0.6,0.7,-0.1,1.4,81.2,8.4
"92",2018,"Asia","Mongolia",0,0,0,0.7,-0.4,-0.2,0.8,-0.3,0,0.3,1.8,23.7,16.5
"93",2018,"Asia","Myanmar",0.1,0.4,0.5,21.4,-0.6,-1.1,-1.3,-1,-0.7,-0.9,0.6,30.7,46.4
"94",2018,"Asia","Nepal",0,0,0.4,2.9,-0.7,-0.9,-0.6,-0.5,-0.7,-0.1,1.7,34,31.9
"95",2018,"Asia","North Korea",0,0,0,0.3,-1.6,-1.6,-0.3,-1.6,-2.4,-2.2,0.5,0,18.2
"96",2018,"Asia","Pakistan",0.7,0.5,3.4,24.1,-0.8,-0.6,-2.3,-0.7,-0.6,-0.8,2.1,15.5,69.4
"97",2018,"Asia","Philippines",1.1,1.5,1,39.3,-0.5,0,-1.1,-0.5,-0.1,0,1.4,60.1,28
"98",2018,"Asia","South Korea",0,0,2.1,41.7,0.6,1.2,0.6,1.2,1.1,0.8,0.5,95.9,3.3
"99",2018,"Asia","Sri Lanka",0,0.1,0.3,2.3,-0.3,-0.2,-0.1,0,-0.2,0,1,34.1,7.4
"100",2018,"Asia","Taiwan",0,0,0.3,6.6,1,1.4,0.9,1.1,1.4,1,0,0,0
"101",2018,"Asia","Thailand",0.1,0.3,0.3,12.5,-0.4,0.3,-0.8,0,0.1,-1,0.3,56.8,9.4
"102",2018,"Asia","Vietnam",0,0,0,1.1,-0.5,0,0.1,0,-0.3,-1.4,1,70.3,20.4
"103",2018,"Caucasus and the Middle East","Afghanistan",26,105.3,7.3,56.5,-1.5,-1.5,-2.8,-1.7,-1.1,-1,2.4,13.5,62.5
"104",2018,"Caucasus and the Middle East","Algeria",0,0.1,0.3,19.5,-0.6,-0.4,-0.8,-0.8,-1.3,-1,2,59.6,23.8
"105",2018,"Caucasus and the Middle East","Armenia",0,0.2,0.9,7.2,-0.3,0,-0.4,-0.2,0.3,-0.1,0.2,64.7,12.4
"106",2018,"Caucasus and the Middle East","Azerbaijan",0,0.4,4.1,31.5,-0.8,-0.1,-0.7,-0.6,-0.3,-1.5,0.9,79.8,21.6
"107",2018,"Caucasus and the Middle East","Bahrain",0,0,0.7,3.3,-0.1,0.2,-0.8,0.4,0.4,-1.4,4.9,98.6,7.1
"108",2018,"Caucasus and the Middle East","Egypt",0.6,1,0.2,13.6,-0.6,-0.6,-1.2,-0.4,-0.9,-1.3,2,46.9,21
"109",2018,"Caucasus and the Middle East","Georgia",0,0.1,0.4,3.1,0.7,0.6,-0.4,0.3,1.1,0.2,0,64,9.8
"110",2018,"Caucasus and the Middle East","Iran",0.1,0.2,1.2,5.6,-1,-0.4,-1.3,-0.7,-1.4,-1.3,1.4,70,14.4
"111",2018,"Caucasus and the Middle East","Iraq",3.2,12.5,1.7,7.8,-1.4,-1.3,-2.5,-1.8,-1.2,-1,2.3,49.4,26.8
"112",2018,"Caucasus and the Middle East","Israel",0,0.1,0.3,1.5,0.8,1.2,-0.9,1,1.2,0.7,1.9,81.6,3.7
"113",2018,"Caucasus and the Middle East","Jordan",0,0.1,0,0.2,0.1,0.1,-0.4,0.2,0,-0.7,1.8,66.8,16.1
"114",2018,"Caucasus and the Middle East","Kazakhstan",0,0,0.1,0.7,-0.5,0,0,-0.4,0.1,-1.2,1.3,78.9,10.3
"115",2018,"Caucasus and the Middle East","Kuwait",0,0,0,0,-0.3,-0.1,0.1,0.2,0,-0.6,2,99.6,8.1
"116",2018,"Caucasus and the Middle East","Kyrgyzstan",0,0.1,0.1,0.8,-1,-0.6,-0.6,-0.9,-0.4,-0.4,2,38,19.2
"117",2018,"Caucasus and the Middle East","Lebanon",0,0.4,0.2,0.8,-1.1,-0.6,-1.6,-0.8,-0.4,-0.5,0.5,78.2,7.4
"118",2018,"Caucasus and the Middle East","Libya",0.6,13.6,0.4,21.3,-1.6,-1.8,-2.4,-1.8,-2.3,-1.5,1.5,21.8,11.9
"119",2018,"Caucasus and the Middle East","Morocco",0,0,0.1,6.5,-0.2,-0.2,-0.3,-0.1,-0.3,-0.7,1.3,64.8,22.2
"120",2018,"Caucasus and the Middle East","Oman",0,0,0,0,0.2,0.2,0.7,0.5,0.2,-1,3.4,80.2,11.4
"121",2018,"Caucasus and the Middle East","Palestine",0.2,7.2,1,4.5,-0.2,-0.8,-1.8,-0.5,0,-0.9,2.5,64.4,19.9
"122",2018,"Caucasus and the Middle East","Saudi Arabia",0.8,3.7,0.4,1.8,0.4,0.3,-0.6,0.1,-0.1,-1.6,1.8,93.3,7
"123",2018,"Caucasus and the Middle East","Sudan",0.6,2.3,0.4,21.5,-1.4,-1.6,-1.8,-1.1,-1.6,-1.8,2.4,30.9,60.3
"124",2018,"Caucasus and the Middle East","Syria",15.8,140.5,9.5,43.4,-1.6,-1.7,-2.7,-2,-1.7,-2,-1,34.3,22.1
"125",2018,"Caucasus and the Middle East","Tajikistan",0,0.7,0,0.1,-1.4,-1.1,-0.7,-1.3,-1,-1.7,2.5,22,34.8
"126",2018,"Caucasus and the Middle East","Tunisia",0,0.2,0.3,17.6,-0.1,-0.1,-0.9,0,-0.5,0.2,1.1,64.2,17
"127",2018,"Caucasus and the Middle East","Turkey",1.2,2.2,0.9,4.1,-0.3,0,-1.3,-0.3,0,-0.8,1.5,71,10.7
"128",2018,"Caucasus and the Middle East","Turkmenistan",0,0.4,0,0,-1.4,-1,0,-1.5,-2,-2.1,1.6,21.3,42.4
"129",2018,"Caucasus and the Middle East","United Arab Emirates",0,0,0,0,1.2,1.4,0.7,0.8,0.9,-1.1,1.5,98.4,7.6
"130",2018,"Caucasus and the Middle East","Uzbekistan",0,0,0,0.1,-1.1,-0.5,-0.3,-1.1,-1.1,-1.6,1.7,52.3,18.4
"131",2018,"Caucasus and the Middle East","Yemen",20.1,106.2,5.9,26.9,-1.6,-2.2,-3,-1.8,-1.6,-1.7,2.4,26.7,58.5
"132",2018,"Europe","Albania",0,0,0.1,19.4,-0.5,0.1,0.4,-0.4,0.3,0.2,-0.2,71.8,9.5
"133",2018,"Europe","Belarus",0,0,0.1,0.6,-0.2,-0.3,0.4,-0.8,-0.7,-1.4,-0.2,79.1,3.4
"134",2018,"Europe","Bosnia and Herzegovina",0,0,0.2,22.2,-0.6,-0.6,-0.4,-0.2,-0.2,-0.2,-0.8,70.1,6
"135",2018,"Europe","Bulgaria",0,0,0.2,1.9,-0.2,0.3,0.5,0,0.6,0.3,-0.7,64.8,7
"136",2018,"Europe","Croatia",0,0,0.1,14.4,0.1,0.5,0.8,0.3,0.5,0.5,-0.9,72.7,4.8
"137",2018,"Europe","Cyprus",0,0.1,0.1,8.5,0.6,0.9,0.5,0.8,0.9,1,0.8,84.4,2.4
"138",2018,"Europe","Greece",0,0.1,0.2,28,-0.1,0.3,0.2,0.2,0.4,0.9,-0.2,73,4
"139",2018,"Europe","Kosovo",0,0.2,0.1,0.9,-0.5,-0.4,-0.7,-0.4,-0.3,-0.1,0.3,89.4,0
"140",2018,"Europe","Moldova",0,0,0.1,1.1,-0.7,-0.5,-0.4,-0.4,0,-0.1,-1.8,76.1,14.7
"141",2018,"Europe","Montenegro",0,0.3,0.1,0.6,0,0.1,0.1,0.1,0.4,0.1,0,71.5,2.5
"142",2018,"Europe","North Macedonia",0,0,0.1,7.4,-0.4,0.1,-0.2,-0.3,0.5,0,0,79.2,7.8
"143",2018,"Europe","Romania",0,0,0.3,2.9,0,0,0,0,0,0,0,0,0
"144",2018,"Europe","Russia",0.1,0.1,0.9,9.3,-0.8,-0.1,-0.5,-0.8,-0.5,-1.1,0,80.9,6.3
"145",2018,"Europe","Serbia",0,0.1,0.1,1.3,-0.4,0.1,0,-0.1,0.1,0,-0.5,73.4,5.5
"146",2018,"Europe","Ukraine",0.5,1.9,8,81.4,-0.9,-0.4,-1.9,-0.7,-0.3,0,-0.5,58.9,8.6
"147",2019,"Africa","Angola",0,0.1,0,1.5,-1.1,-1.1,-0.3,-1.1,-0.9,-0.8,3.2,14.3,74.7
"148",2019,"Africa","Benin",0,0.3,0,1.1,-0.3,-0.4,-0.3,-0.7,-0.4,0.1,2.7,20,90.3
"149",2019,"Africa","Botswana",0,0,0,0.6,0.7,0.4,1,0.5,0.4,0.5,2.2,47,41.6
"150",2019,"Africa","Burkina Faso",1.5,10.9,0.4,16.4,-0.2,-0.8,-1.2,-0.4,-0.4,-0.2,2.8,16,87.5
"151",2019,"Africa","Burundi",0.2,2.6,0.4,13.7,-1.5,-1.3,-1.6,-1.4,-0.9,-1.7,3.1,2.7,56.5
"152",2019,"Africa","Cameroon",0.8,4.8,0.4,20.4,-1.2,-0.8,-1.6,-1.1,-0.8,-1.2,2.6,23.2,74.8
"153",2019,"Africa","Central African Republic",0.4,12.1,0.1,7.3,-1.2,-1.7,-2.2,-1.7,-1.4,-1.2,1.7,4.3,110.1
"154",2019,"Africa","Chad",0.4,3.6,0.1,5.1,-1.4,-1.6,-1.3,-1.3,-1.1,-1.4,3,6.5,113.8
"155",2019,"Africa","Democratic Republic of Congo",2.6,4.4,1.2,64,-1.5,-1.6,-1.8,-1.8,-1.5,-1.4,3.2,8.6,84.8
"156",2019,"Africa","Djibouti",0,0.4,0,0.3,-0.9,-0.7,-0.3,-0.9,-0.8,-1.4,1.5,55.7,57.5
"157",2019,"Africa","Equatorial Guinea",0,0.1,0,0.1,-1.7,-1.3,-0.2,-1.4,-1.5,-1.9,3.5,26.2,81.8
"158",2019,"Africa","Eritrea",0,0,0,0.1,-1.4,-1.8,-0.7,-1.6,-2.3,-2.2,0,1.3,40.5
"159",2019,"Africa","eSwatini",0,0.3,0,1.6,-0.5,-0.7,-0.4,-0.5,-0.6,-1.3,1,47,49.4
"160",2019,"Africa","Ethiopia",0.5,0.6,0.1,5.5,-0.4,-0.6,-1.3,-0.5,-0.9,-1,2.6,18.6,50.7
"161",2019,"Africa","Gabon",0,0.3,0,1.1,-0.9,-0.9,-0.2,-0.7,-1,-1,2.5,62,42.5
"162",2019,"Africa","Gambia",0,0.1,0,0.3,-0.3,-0.6,0.1,-0.4,-0.7,-0.2,2.9,19.8,51.7
"163",2019,"Africa","Ghana",0,0.2,0.1,3.4,-0.1,-0.2,0.1,0,-0.1,0.6,2.2,39,46.2
"164",2019,"Africa","Guinea",0,0.3,0.1,3.9,-0.9,-0.8,-0.8,-1.2,-0.8,-0.7,2.8,18,98.8
"165",2019,"Africa","Guinea-Bissau",0,0.1,0,0.2,-1.5,-1.5,-0.6,-1.3,-1.2,-0.5,2.5,3.9,78.5
"166",2019,"Africa","Ivory Coast",0,0.2,0.1,4.2,-0.5,-0.5,-1,-0.6,-0.2,-0.2,2.5,36.5,79.3
"167",2019,"Africa","Kenya",0.2,0.5,0.2,6.1,-0.8,-0.4,-1.1,-0.5,-0.3,-0.3,2.3,22.6,43.2
"168",2019,"Africa","Lesotho",0,0.2,0,0.5,0,-0.8,-0.4,-0.4,-0.5,0,0.8,29,86.4
"169",2019,"Africa","Liberia",0,0.2,0,1.5,-0.9,-1.4,-0.2,-1,-1,0,2.4,8,84.6
"170",2019,"Africa","Madagascar",0.2,1.3,0.2,5.7,-1,-1.1,-0.3,-1,-0.7,-0.2,2.7,9.8,50.6
"171",2019,"Africa","Malawi",0,0.1,0.1,2.1,-0.8,-0.7,-0.3,-0.3,-0.7,-0.1,2.6,13.8,41.6
"172",2019,"Africa","Mali",1.3,9.5,0.4,15.1,-0.7,-1.1,-2.2,-0.8,-0.6,-0.4,3,13,94
"173",2019,"Africa","Mauritania",0,0.1,0.1,2.4,-0.9,-0.5,-0.5,-0.6,-0.8,-0.8,2.7,20.8,72.9
"174",2019,"Africa","Mozambique",0.4,2.2,0.2,6.1,-0.8,-0.8,-0.7,-1,-0.7,-0.5,2.9,10,74.2
"175",2019,"Africa","Namibia",0,0.2,0,2.4,0.4,0.1,0.5,0.3,-0.1,0.5,1.9,51,42.4
"176",2019,"Africa","Niger",0.5,3.1,0.2,6.8,-0.6,-0.8,-1.4,-0.5,-0.7,-0.6,3.8,5.3,80.4
"177",2019,"Africa","Nigeria",3.7,2.7,1,40.9,-1.1,-1.1,-1.9,-0.9,-0.9,-0.4,2.6,42,117.2
"178",2019,"Africa","Republic of Congo",0,0,0,0.4,-1.4,-1.4,-0.9,-1.1,-1.3,-1.3,2.6,8.7,47.8
"179",2019,"Africa","Rwanda",0,0.3,0,0.3,0.6,0.2,0.1,0.1,0.1,-1.1,2.6,21.8,34.3
"180",2019,"Africa","Senegal",0,0,0,1,0,-0.1,0.1,-0.2,-0.1,0.3,2.7,46,45.3
"181",2019,"Africa","Sierra Leone",0,0.2,0.1,2.3,-0.4,-1.1,-0.1,-0.8,-0.9,-0.1,2.1,9,109.2
"182",2019,"Africa","Somalia",2.7,26.1,1.2,43.5,-1.7,-2.2,-2.4,-2.4,-2.2,-1.8,2.9,2,117
"183",2019,"Africa","South Africa",0.1,0.3,0.7,83.3,0.1,0.4,-0.2,-0.1,0.2,0.7,1.3,56.2,34.5
"184",2019,"Africa","South Sudan",1.2,16.3,0.3,9.8,-1.8,-2.5,-2.6,-2,-2,-2,0.8,8,96.2
"185",2019,"Africa","Tanzania",0,0.1,0,0.7,-0.4,-0.9,-0.4,-0.6,-0.6,-0.5,3,25,50.3
"186",2019,"Africa","Togo",0,0.1,0,0.5,-0.7,-0.9,-0.8,-0.6,-0.7,-0.7,2.4,12.4,66.9
"187",2019,"Africa","Uganda",0.1,0.4,0.2,6.2,-1.2,-0.6,-0.6,-0.3,-0.4,-0.6,3.6,23.7,45.8
"188",2019,"Africa","Zambia",0,0.1,0,2,-0.6,-0.7,-0.1,-0.5,-0.6,-0.3,2.9,14.3,61.7
"189",2019,"Africa","Zimbabwe",0,0.3,0.1,9.5,-1.2,-1.2,-0.9,-1.3,-1.5,-1.1,1.4,27.1,54.6
"190",2019,"America","Antigua and Barbuda",0,0,0,0.7,0.3,0,1,0.4,0.5,0.8,0.9,76,6.6
"191",2019,"America","Argentina",0,0,0.6,5.6,-0.1,-0.1,-0.1,-0.4,-0.5,0.6,1,74.3,9.3
"192",2019,"America","Aruba",0,0,0,0.3,1.2,1,1.4,1.3,0.9,1.3,0.4,97.2,0
"193",2019,"America","Bahamas",0,0,0,0.6,1.2,0.5,0.8,0.1,0,0.9,1,85,12.6
"194",2019,"America","Belize",0,14.1,0,1.7,-0.2,-0.7,0.1,-0.8,-0.5,0.5,1.9,47.1,12.3
"195",2019,"America","Bolivia",0,0.2,0.3,2.7,-0.7,-0.7,-0.6,-1.1,-1,-0.1,1.4,43.8,26
"196",2019,"America","Brazil",3.3,2.3,5,47.2,-0.3,-0.2,-0.5,-0.2,-0.2,0.3,0.8,67.5,13.9
"197",2019,"America","Cayman Islands",0,0,0,0.1,0.5,1.2,1.4,0.8,1,0.5,1.2,81.1,0
"198",2019,"America","Chile",0,0.2,1.4,12.8,1.1,1.1,0.2,1.1,1.2,1,1.2,82.3,7
"199",2019,"America","Colombia",0.5,1.5,0.8,7.9,-0.2,0.1,-0.9,-0.4,0.4,0.2,1.4,65,13.8
"200",2019,"America","Costa Rica",0,0.2,0.1,5.9,0.7,0.4,0.5,0.5,0.5,1.1,1,81.2,8.6
"201",2019,"America","Cuba",0,0,0,1.9,0,-0.2,0.6,-0.3,-1.5,-1.4,0,61.8,5.1
"202",2019,"America","Curacao",0,0,0,0.7,0,0,0,0,0,0,-1.4,68.1,0
"203",2019,"America","Dominica",0,1.4,0,1.4,0.5,-0.3,1.1,0.7,0.1,0.9,0.3,69.6,34.7
"204",2019,"America","Dominican Republic",0,0.1,0,3.1,-0.8,-0.4,0,-0.3,-0.1,0.2,1,74.8,28
"205",2019,"America","Ecuador",0,0.1,0.2,1.9,-0.5,-0.4,-0.2,-0.6,-0.8,0.1,1.7,57.3,14
"206",2019,"America","El Salvador",0.6,12.7,0.4,18.7,-0.6,-0.5,-0.1,-0.8,0,0.1,0.5,33.8,13.3
"207",2019,"America","Grenada",0,0,0,0.1,0.3,-0.1,1,0.2,-0.3,0.7,0.5,59.1,16.5
"208",2019,"America","Guadeloupe",0,0,0,0.7,0,0,0,0,0,0,0,0,0
"209",2019,"America","Guatemala",0.7,6.6,0.7,31.8,-0.9,-0.7,-0.5,-1.1,-0.2,-0.3,1.6,65,24.5
"210",2019,"America","Guyana",0,0.3,0,0.2,-0.1,-0.4,-0.2,-0.4,-0.6,0.3,0.5,37.3,29.3
"211",2019,"America","Haiti",0.2,2.8,0.3,40.6,-1.3,-2,-0.8,-1,-1.3,-0.7,1.2,32.5,62.8
"212",2019,"America","Honduras",0.6,9.5,0.6,28.5,-0.8,-0.6,-0.5,-1,-0.5,-0.6,1.6,31.7,16.8
"213",2019,"America","Jamaica",0.1,5.9,0.1,11.1,-0.1,0.5,0.4,-0.3,0.2,0.6,0.5,55.1,13.9
"214",2019,"America","Martinique",0,0,0,1.1,1.2,1.1,0.8,0.6,1.2,0,0,0,0
"215",2019,"America","Mexico",6.3,7.3,6.3,100,-0.8,-0.2,-0.7,-0.7,0.1,0,1.1,70.1,14.2
"216",2019,"America","Nicaragua",0,0.4,0.1,5.2,-1.1,-0.8,-1,-1.2,-0.7,-1.1,1.2,27.9,16.6
"217",2019,"America","Panama",0,0,0.2,8.2,-0.6,0.1,0.3,-0.1,0.4,0.6,1.7,63.6,14.9
"218",2019,"America","Paraguay",0,0.2,0.3,2.6,-0.8,-0.5,0,-0.6,-0.2,0.1,1.3,68.5,19.4
"219",2019,"America","Peru",0,0.1,0.4,3.3,-0.4,-0.1,-0.1,-0.5,0.6,0.3,1.6,60,13.2
"220",2019,"America","Puerto Rico",0.1,4.4,0.1,16.1,0,-0.2,0.1,0.6,0.7,0.5,0,70.9,0
"221",2019,"America","Saint Lucia",0,0,0,0.2,0.5,0.2,0.9,0.6,0.2,0.9,0.5,50.8,22.3
"222",2019,"America","Saint-Martin",0,0,0,0.4,0,0,0,0,0,0,2,0,0
"223",2019,"America","Sint Maarten",0,0,0,0.1,0,0,0,0,0,0,0.2,0,0
"224",2019,"America","Suriname",0,1.2,0,0.1,-0.4,-0.6,0.1,-0.1,-0.7,0.4,0.9,48.9,18
"225",2019,"America","Trinidad and Tobago",0.1,12.7,0.1,20.4,-0.2,0.1,0.1,-0.1,-0.2,0.6,0.4,77.3,17.5
"226",2019,"America","Turks and Caicos Islands",0,0,0,0.1,0,0,0,0,0,0,1.4,0,0
"227",2019,"America","Uruguay",0,0.1,0,0.2,1.2,0.7,1,0.6,0.5,1.3,0.4,76.9,7.1
"228",2019,"America","Venezuela",0.8,4,1.7,15.5,-1.5,-1.7,-1.4,-2.3,-2.4,-1.4,-1.2,72,24.2
"229",2019,"Asia","Bangladesh",0.3,0.2,0.8,4.9,-1,-0.7,-0.9,-0.6,-0.9,-0.7,1,12.9,30.8
"230",2019,"Asia","Cambodia",0,0,0,1.7,-1.3,-0.6,-0.1,-0.9,-0.6,-1.2,1.4,40,26.6
"231",2019,"Asia","China",0,0,1.7,32.1,-0.3,0.5,-0.2,-0.3,-0.2,-1.6,0.4,54.3,7.9
"232",2019,"Asia","India",1,0.1,11.2,67.7,-0.2,0.2,-0.7,0,-0.2,0.3,1,34.5,34.3
"233",2019,"Asia","Indonesia",0.1,0.1,0.6,23.1,-0.4,0.2,-0.5,-0.3,-0.1,0.2,1.1,47.7,23.9
"234",2019,"Asia","Japan",0,0,0.6,11.5,1.5,1.6,1,1.5,1.3,1,-0.2,84.6,2.5
"235",2019,"Asia","Laos",0,0,0,0.1,-1.1,-0.8,0.5,-0.9,-0.7,-1.8,1.5,25.5,45.5
"236",2019,"Asia","Malaysia",0,0,0.1,3.4,0.2,1,0.1,0.6,0.7,0,1.3,84.2,8.6
"237",2019,"Asia","Mongolia",0,0,0,0.8,-0.4,-0.2,0.6,-0.3,0,0.3,1.7,51.1,15.6
"238",2019,"Asia","Myanmar",1,2.8,0.8,30.7,-0.6,-1.1,-1.3,-1.1,-0.8,-0.8,0.6,30.7,44.7
"239",2019,"Asia","Nepal",0,0.1,0.5,3,-0.7,-1,-0.5,-0.5,-0.7,-0.1,1.8,34,30.8
"240",2019,"Asia","North Korea",0,0,0,0.3,-1.6,-1.4,-0.3,-1.7,-2.4,-2.2,0.5,0,17.3
"241",2019,"Asia","Pakistan",0.8,0.5,3.6,21.8,-0.8,-0.7,-2.2,-0.7,-0.6,-0.8,2,17.1,67.2
"242",2019,"Asia","Philippines",1.1,1.5,0.9,31.1,-0.6,0.1,-0.9,-0.5,0,0,1.4,43,27.3
"243",2019,"Asia","South Korea",0,0,2.5,47.9,0.8,1.4,0.5,1.2,1.1,0.8,0.2,96.2,3.2
"244",2019,"Asia","Sri Lanka",0.2,1.4,0.4,2.7,-0.3,-0.1,-0.2,0,-0.2,0,0.6,34.1,7.1
"245",2019,"Asia","Taiwan",0,0,0.4,7.3,1,1.4,0.7,1.1,1.4,1,0,0,0
"246",2019,"Asia","Thailand",0.1,0.2,0.2,8.9,-0.4,0.4,-0.5,0.1,0.1,-0.8,0.3,66.7,9
"247",2019,"Asia","Vietnam",0,0,0,1,-0.5,0,0.1,0,-0.3,-1.4,1,68.7,19.9
"248",2019,"Caucasus and the Middle East","Afghanistan",28.2,109.6,6.5,63.5,-1.4,-1.5,-2.6,-1.7,-1.1,-1,2.3,13.5,60.3
"249",2019,"Caucasus and the Middle East","Algeria",0,0.1,1,26.2,-0.6,-0.5,-1,-0.8,-1.3,-1,1.9,59.6,23.3
"250",2019,"Caucasus and the Middle East","Armenia",0,0.1,0.8,7.7,-0.2,-0.1,-0.5,-0.1,0.2,0.1,0.2,64.7,11.8
"251",2019,"Caucasus and the Middle East","Azerbaijan",0,0.1,2.1,20.4,-0.9,-0.1,-0.7,-0.6,-0.2,-1.5,0.8,79.8,20.4
"252",2019,"Caucasus and the Middle East","Bahrain",0,0.1,0.3,1.4,0,0.3,-0.7,0.5,0.5,-1.4,4.5,99.7,6.9
"253",2019,"Caucasus and the Middle East","Egypt",0.7,1,0.4,9.2,-0.7,-0.4,-1.1,-0.4,-0.8,-1.4,2,57.3,20.3
"254",2019,"Caucasus and the Middle East","Georgia",0,0.1,0.4,4,0.7,0.8,-0.4,0.3,1.1,0.2,-0.2,68.8,9.6
"255",2019,"Caucasus and the Middle East","Iran",0.3,0.5,1.2,5.3,-1,-0.6,-1.7,-0.7,-1.4,-1.4,1.4,70,13.9
"256",2019,"Caucasus and the Middle East","Iraq",2.5,9.4,1.6,7.3,-1.3,-1.3,-2.6,-1.7,-1.2,-0.9,2.3,49.4,25.9
"257",2019,"Caucasus and the Middle East","Israel",0,0.1,0.3,1.2,0.8,1.3,-0.8,1,1.3,0.7,1.9,86.8,3.7
"258",2019,"Caucasus and the Middle East","Jordan",0,0.1,0.1,0.6,0.1,0.1,-0.4,0.1,0,-0.7,1.5,66.8,15.6
"259",2019,"Caucasus and the Middle East","Kazakhstan",0,0,0.3,2.5,-0.3,0.1,-0.1,-0.4,0.1,-1.2,1.3,81.9,10.5
"260",2019,"Caucasus and the Middle East","Kuwait",0,0,0,0,-0.1,0,0.2,0.2,0.1,-0.6,1.7,99.5,7.9
"261",2019,"Caucasus and the Middle East","Kyrgyzstan",0,0.1,0.1,1.3,-0.9,-0.7,-0.4,-0.9,-0.3,-0.5,2.1,38,18.3
"262",2019,"Caucasus and the Middle East","Lebanon",0,0.4,1.5,6.7,-1.2,-0.8,-1.6,-0.9,-0.4,-0.5,0.1,78.2,7.2
"263",2019,"Caucasus and the Middle East","Libya",1.4,30.8,0.6,16.6,-1.6,-1.9,-2.6,-1.8,-2.3,-1.5,1.5,21.8,11.5
"264",2019,"Caucasus and the Middle East","Morocco",0,0,0.4,10.7,-0.3,-0.1,-0.4,-0.1,-0.2,-0.6,1.2,74.4,21.4
"265",2019,"Caucasus and the Middle East","Oman",0,0,0,0,0.5,0.3,0.6,0.6,0.3,-1.1,3,92.4,11.4
"266",2019,"Caucasus and the Middle East","Palestine",0.1,3.4,1.1,4.7,-0.3,-0.7,-1.9,-0.5,0,-1,2.5,70.6,19.4
"267",2019,"Caucasus and the Middle East","Qatar",0,0,0,0,0.8,0.7,0.7,0.7,0.7,-1.3,1.8,99.7,6.5
"268",2019,"Caucasus and the Middle East","Saudi Arabia",0.7,2.9,0.1,0.6,0.3,0.3,-0.4,0.2,-0.1,-1.6,1.7,95.7,6.6
"269",2019,"Caucasus and the Middle East","Sudan",0.5,1.8,0.7,19.4,-1.4,-1.6,-1.7,-1.1,-1.7,-1.6,2.4,30.9,58.4
"270",2019,"Caucasus and the Middle East","Syria",10.3,89.6,9.2,40.7,-1.7,-1.7,-2.7,-2.1,-1.8,-2,1,34.3,21.5
"271",2019,"Caucasus and the Middle East","Tajikistan",0,0.7,0,0.2,-1.3,-1,-0.6,-1.2,-1,-1.8,2.4,22,33.8
"272",2019,"Caucasus and the Middle East","Tunisia",0,0.3,0.7,17.9,-0.1,-0.1,-0.8,0.1,-0.4,0.3,1.1,66.7,16.9
"273",2019,"Caucasus and the Middle East","Turkey",0.6,1.1,1.6,7,-0.3,0,-1.3,-0.3,0,-0.8,1.3,74,10
"274",2019,"Caucasus and the Middle East","Turkmenistan",0,0.1,0,0.1,-1.5,-1.2,-0.1,-1.4,-2,-2.1,1.5,21.3,42
"275",2019,"Caucasus and the Middle East","United Arab Emirates",0,0,0,0,1.1,1.4,0.7,0.8,1,-1.1,1.4,99.2,7.5
"276",2019,"Caucasus and the Middle East","Uzbekistan",0,0,0,0.4,-1.1,-0.5,-0.3,-1,-1,-1.6,1.9,52.3,17.4
"277",2019,"Caucasus and the Middle East","Yemen",18.9,96.1,5.5,24.6,-1.7,-2.3,-2.8,-1.8,-1.7,-1.8,2.3,26.7,58.4
"278",2019,"Europe","Albania",0,0,0.2,17.3,-0.5,-0.1,0.1,-0.4,0.3,0.2,-0.4,69.6,9.7
"279",2019,"Europe","Belarus",0,0,0.1,0.9,-0.1,-0.2,0.3,-0.8,-0.5,-1.4,-0.2,82.8,3.2
"280",2019,"Europe","Bosnia and Herzegovina",0,0,0.1,9.1,-0.6,-0.6,-0.4,-0.2,-0.2,-0.2,-0.7,69.9,5.9
"281",2019,"Europe","Bulgaria",0,0,0.2,1.9,-0.2,0.3,0.5,0,0.5,0.4,-0.7,67.9,6.7
"282",2019,"Europe","Croatia",0,0,0.1,11.3,0.1,0.4,0.8,0.4,0.6,0.5,-0.5,79.1,4.8
"283",2019,"Europe","Cyprus",0,0.1,0.1,10.5,0.6,1,0.5,0.8,1,1.1,0.8,86.1,2.3
"284",2019,"Europe","Greece",0,0.1,0.4,42.3,0,0.4,0.3,0.2,0.5,0.9,-0.2,75.7,3.8
"285",2019,"Europe","Kosovo",0,0,0.1,0.6,-0.6,-0.3,-0.4,-0.4,-0.3,-0.1,-0.2,89.4,0
"286",2019,"Europe","Moldova",0,0,0.1,1.1,-0.6,-0.4,-0.4,-0.4,0,-0.1,-1.8,76.1,14.4
"287",2019,"Europe","Montenegro",0,0,0.1,0.7,0,0.2,0,0.1,0.4,0,0,73.5,2.3
"288",2019,"Europe","North Macedonia",0,0,0.1,9.6,-0.4,0,0,-0.2,0.5,0,0,79.2,6.1
"289",2019,"Europe","Romania",0,0,0.3,2.8,0,0,0,0,0,0,0,0,0
"290",2019,"Europe","Russia",0,0,1,9.8,-0.8,0.2,-0.5,-0.7,-0.4,-1.1,-0.1,82.6,5.8
"291",2019,"Europe","Serbia",0,0,0.5,5,-0.4,0,-0.1,-0.1,0.1,0,-0.5,77.4,5.3
"292",2019,"Europe","Ukraine",0.3,0.9,7.7,77.3,-0.7,-0.3,-1.5,-0.7,-0.3,0.1,-0.5,58.9,8.4
"293",2020,"Africa","Angola",0.1,0.2,0.1,2.3,-1.1,-1.1,-0.3,-1.1,-0.9,-0.8,3.2,14.3,74.7
"294",2020,"Africa","Benin",0,0.4,0,0.9,-0.3,-0.4,-0.3,-0.7,-0.4,0.1,2.7,20,90.3
"295",2020,"Africa","Botswana",0,0.3,0,0.5,0.7,0.4,1,0.5,0.4,0.5,2.2,47,41.6
"296",2020,"Africa","Burkina Faso",1.9,11.3,0.3,10.6,-0.2,-0.8,-1.2,-0.4,-0.4,-0.2,2.8,16,87.5
"297",2020,"Africa","Burundi",0.3,2.9,0.3,9.2,-1.5,-1.3,-1.6,-1.4,-0.9,-1.7,3.1,2.7,56.5
"298",2020,"Africa","Cameroon",1.3,6.1,0.6,24.7,-1.2,-0.8,-1.6,-1.1,-0.8,-1.2,2.6,23.2,74.8
"299",2020,"Africa","Central African Republic",0.4,9,0.2,9.5,-1.2,-1.7,-2.2,-1.7,-1.4,-1.2,1.7,4.3,110.1
"300",2020,"Africa","Chad",0.6,4.6,0.1,2.8,-1.4,-1.6,-1.3,-1.3,-1.1,-1.4,3,6.5,113.8
"301",2020,"Africa","Democratic Republic of Congo",4.8,6.6,1.4,59.8,-1.5,-1.6,-1.8,-1.8,-1.5,-1.4,3.2,8.6,84.8
"302",2020,"Africa","Djibouti",0,0,0,0.5,-0.9,-0.7,-0.3,-0.9,-0.8,-1.4,1.5,55.7,57.5
"303",2020,"Africa","Equatorial Guinea",0,0,0,0.1,-1.7,-1.3,-0.2,-1.4,-1.5,-1.9,3.5,26.2,81.8
"304",2020,"Africa","Eritrea",0,0,0,0.1,-1.4,-1.8,-0.7,-1.6,-2.3,-2.2,0,1.3,40.5
"305",2020,"Africa","eSwatini",0,0.4,0,1.5,-0.5,-0.7,-0.4,-0.5,-0.6,-1.3,1,47,49.4
"306",2020,"Africa","Ethiopia",2.7,2.9,0.2,6.2,-0.4,-0.6,-1.3,-0.5,-0.9,-1,2.6,18.6,50.7
"307",2020,"Africa","Gabon",0,0.2,0,0.6,-0.9,-0.9,-0.2,-0.7,-1,-1,2.5,62,42.5
"308",2020,"Africa","Gambia",0,0.1,0,0.4,-0.3,-0.6,0.1,-0.4,-0.7,-0.2,2.9,19.8,51.7
"309",2020,"Africa","Ghana",0,0.2,0.1,3.5,-0.1,-0.2,0.1,0,-0.1,0.6,2.2,39,46.2
"310",2020,"Africa","Guinea",0.1,1.1,0.3,8.1,-0.9,-0.8,-0.8,-1.2,-0.8,-0.7,2.8,18,98.8
"311",2020,"Africa","Guinea-Bissau",0,0.4,0,0.3,-1.5,-1.5,-0.6,-1.3,-1.2,-0.5,2.5,3.9,78.5
"312",2020,"Africa","Ivory Coast",0.1,0.5,0.2,5.5,-0.5,-0.5,-1,-0.6,-0.2,-0.2,2.5,36.5,79.3
"313",2020,"Africa","Kenya",0.2,0.6,0.2,6.2,-0.8,-0.4,-1.1,-0.5,-0.3,-0.3,2.3,22.6,43.2
"314",2020,"Africa","Lesotho",0,0.1,0,0.9,0,-0.8,-0.4,-0.4,-0.5,0,0.8,29,86.4
"315",2020,"Africa","Liberia",0,0,0,1.5,-0.9,-1.4,-0.2,-1,-1,0,2.4,8,84.6
"316",2020,"Africa","Madagascar",0.3,1.3,0.1,4.5,-1,-1.1,-0.3,-1,-0.7,-0.2,2.7,9.8,50.6
"317",2020,"Africa","Malawi",0,0.3,0.1,3.4,-0.8,-0.7,-0.3,-0.3,-0.7,-0.1,2.6,13.8,41.6
"318",2020,"Africa","Mali",2.4,14.5,0.5,15.4,-0.7,-1.1,-2.2,-0.8,-0.6,-0.4,3,13,94
"319",2020,"Africa","Mauritania",0,0.1,0.1,4.1,-0.9,-0.5,-0.5,-0.6,-0.8,-0.8,2.7,20.8,72.9
"320",2020,"Africa","Mozambique",1.5,5.9,0.3,9.4,-0.8,-0.8,-0.7,-1,-0.7,-0.5,2.9,10,74.2
"321",2020,"Africa","Namibia",0,0,0,4.1,0.4,0.1,0.5,0.3,-0.1,0.5,1.9,51,42.4
"322",2020,"Africa","Niger",0.9,4.8,0.2,6.3,-0.6,-0.8,-1.4,-0.5,-0.7,-0.6,3.8,5.3,80.4
"323",2020,"Africa","Nigeria",6.5,3.9,1.3,40.6,-1.1,-1.1,-1.9,-0.9,-0.9,-0.4,2.6,42,117.2
"324",2020,"Africa","Republic of Congo",0,0,0,0.2,-1.4,-1.4,-0.9,-1.1,-1.3,-1.3,2.6,8.7,47.8
"325",2020,"Africa","Rwanda",0,0.1,0,0.3,0.6,0.2,0.1,0.1,0.1,-1.1,2.6,21.8,34.3
"326",2020,"Africa","Senegal",0,0,0,1.1,0,-0.1,0.1,-0.2,-0.1,0.3,2.7,46,45.3
"327",2020,"Africa","Sierra Leone",0,0.4,0,1,-0.4,-1.1,-0.1,-0.8,-0.9,-0.1,2.1,9,109.2
"328",2020,"Africa","Somalia",2.6,20.3,1.1,37.7,-1.7,-2.2,-2.4,-2.4,-2.2,-1.8,2.9,2,117
"329",2020,"Africa","South Africa",0.1,0.3,0.7,81.5,0.1,0.4,-0.2,-0.1,0.2,0.7,1.3,56.2,34.5
"330",2020,"Africa","South Sudan",2,21.4,0.3,12.3,-1.8,-2.5,-2.6,-2,-2,-2,0.8,8,96.2
"331",2020,"Africa","Tanzania",0,0.1,0,0.7,-0.4,-0.9,-0.4,-0.6,-0.6,-0.5,3,25,50.3
"332",2020,"Africa","Togo",0,0.2,0,0.9,-0.7,-0.9,-0.8,-0.6,-0.7,-0.7,2.4,12.4,66.9
"333",2020,"Africa","Uganda",0.2,0.7,0.3,9.5,-1.2,-0.6,-0.6,-0.3,-0.4,-0.6,3.6,23.7,45.8
"334",2020,"Africa","Zambia",0,0.2,0,4.3,-0.6,-0.7,-0.1,-0.5,-0.6,-0.3,2.9,14.3,61.7
"335",2020,"Africa","Zimbabwe",0,0.1,0.1,7.1,-1.2,-1.2,-0.9,-1.3,-1.5,-1.1,1.4,27.1,54.6
"336",2020,"America","Anguilla",0,0,0,0.1,1.2,0.8,1.4,0.4,0.8,0,0,0,0
"337",2020,"America","Antigua and Barbuda",0,1,0,0.7,0.3,0,1,0.4,0.5,0.8,0.9,76,6.6
"338",2020,"America","Argentina",0,0,1.2,12.9,-0.1,-0.1,-0.1,-0.4,-0.5,0.6,1,74.3,9.3
"339",2020,"America","Aruba",0,0,0,0.4,1.2,1,1.4,1.3,0.9,1.3,0.4,97.2,0
"340",2020,"America","Bahamas",0,1,0,0.7,1.2,0.5,0.8,0.1,0,0.9,1,85,12.6
"341",2020,"America","Barbados",0,0.7,0,0.7,1.3,0.6,0.9,0.4,0.4,1.1,0.1,81.8,12.7
"342",2020,"America","Belize",0,8.7,0,2.3,-0.2,-0.7,0.1,-0.8,-0.5,0.5,1.9,47.1,12.3
"343",2020,"America","Bolivia",0,0,0.3,3.4,-0.7,-0.7,-0.6,-1.1,-1,-0.1,1.4,43.8,26
"344",2020,"America","Brazil",4.1,2.3,3.9,43,-0.3,-0.2,-0.5,-0.2,-0.2,0.3,0.8,67.5,13.9
"345",2020,"America","Caribbean Netherlands",0,0,0,0.3,0,0,0,0,0,0,0,0,0
"346",2020,"America","Cayman Islands",0,0,0,0.2,0.5,1.2,1.4,0.8,1,0.5,1.2,81.1,0
"347",2020,"America","Chile",0,0.1,0.8,9.3,1.1,1.1,0.2,1.1,1.2,1,1.2,82.3,7
"348",2020,"America","Colombia",0.7,1.6,0.6,6.8,-0.2,0.1,-0.9,-0.4,0.4,0.2,1.4,65,13.8
"349",2020,"America","Costa Rica",0,0.2,0.2,15.7,0.7,0.4,0.5,0.5,0.5,1.1,1,81.2,8.6
"350",2020,"America","Cuba",0,0,0.1,8.8,0,-0.2,0.6,-0.3,-1.5,-1.4,0,61.8,5.1
"351",2020,"America","Curacao",0,0,0,1.3,0,0,0,0,0,0,-1.4,68.1,0
"352",2020,"America","Dominica",0,0,0,0.4,0.5,-0.3,1.1,0.7,0.1,0.9,0.3,69.6,34.7
"353",2020,"America","Dominican Republic",0,0.1,0,6.5,-0.8,-0.4,0,-0.3,-0.1,0.2,1,74.8,28
"354",2020,"America","Ecuador",0,0.2,0.2,1.9,-0.5,-0.4,-0.2,-0.6,-0.8,0.1,1.7,57.3,14
"355",2020,"America","El Salvador",0.2,4.5,0.2,14.6,-0.6,-0.5,-0.1,-0.8,0,0.1,0.5,33.8,13.3
"356",2020,"America","Falkland Islands",0,0,0,0,0,0,0,0,0,0,0,0,0
"357",2020,"America","French Guiana",0,0,0,0.1,0.9,1.4,0.3,1.2,1.3,1.3,0,0,0
"358",2020,"America","Grenada",0,0,0,0.3,0.3,-0.1,1,0.2,-0.3,0.7,0.5,59.1,16.5
"359",2020,"America","Guadeloupe",0,0,0,1.9,0,0,0,0,0,0,0,0,0
"360",2020,"America","Guatemala",0.5,3.3,0.4,26,-0.9,-0.7,-0.5,-1.1,-0.2,-0.3,1.6,65,24.5
"361",2020,"America","Guyana",0,0.6,0.1,0.6,-0.1,-0.4,-0.2,-0.4,-0.6,0.3,0.5,37.3,29.3
"362",2020,"America","Haiti",0.3,2.9,0.2,28.8,-1.3,-2,-0.8,-1,-1.3,-0.7,1.2,32.5,62.8
"363",2020,"America","Honduras",0.5,6.7,0.4,27.8,-0.8,-0.6,-0.5,-1,-0.5,-0.6,1.6,31.7,16.8
"364",2020,"America","Jamaica",0.1,5.4,0.1,10.7,-0.1,0.5,0.4,-0.3,0.2,0.6,0.5,55.1,13.9
"365",2020,"America","Martinique",0,0,0,2.2,1.2,1.1,0.8,0.6,1.2,0,0,0,0
"366",2020,"America","Mexico",7,6.6,5.5,37,-0.8,-0.2,-0.7,-0.7,0.1,0,1.1,70.1,14.2
"367",2020,"America","Montserrat",0,0,0,0.1,0,0,0,0,0,0,0,0,0
"368",2020,"America","Nicaragua",0,0.3,0,2.8,-1.1,-0.8,-1,-1.2,-0.7,-1.1,1.2,27.9,16.6
"369",2020,"America","Panama",0,0.1,0.2,10.9,-0.6,0.1,0.3,-0.1,0.4,0.6,1.7,63.6,14.9
"370",2020,"America","Paraguay",0,0.3,0.3,3.4,-0.8,-0.5,0,-0.6,-0.2,0.1,1.3,68.5,19.4
"371",2020,"America","Peru",0,0.1,0.5,5.4,-0.4,-0.1,-0.1,-0.5,0.6,0.3,1.6,60,13.2
"372",2020,"America","Puerto Rico",0.1,3.4,0.1,12.2,0,-0.2,0.1,0.6,0.7,0.5,0,70.9,0
"373",2020,"America","Saint Kitts and Nevis",0,0,0,0.1,0.4,0.5,0.7,0.5,0.5,0.8,0.8,80.7,15.4
"374",2020,"America","Saint Lucia",0,0,0,0.7,0.5,0.2,0.9,0.6,0.2,0.9,0.5,50.8,22.3
"375",2020,"America","Saint Vincent and Grenadines",0,1.8,0,0.1,0.8,0.2,1,0.4,0.2,0.9,0.3,22.4,14.6
"376",2020,"America","Saint-Martin",0,0,0,0.4,0,0,0,0,0,0,2,0,0
"377",2020,"America","Sint Maarten",0,0,0,0.8,0,0,0,0,0,0,0.2,0,0
"378",2020,"America","Suriname",0,0.2,0,0.2,-0.4,-0.6,0.1,-0.1,-0.7,0.4,0.9,48.9,18
"379",2020,"America","Trinidad and Tobago",0.1,11.3,0.1,20.9,-0.2,0.1,0.1,-0.1,-0.2,0.6,0.4,77.3,17.5
"380",2020,"America","Turks and Caicos Islands",0,0,0,0.7,0,0,0,0,0,0,1.4,0,0
"381",2020,"America","United States",0.1,0,9.3,63,1.2,1.5,0.3,1.5,1.3,1,0.5,87.3,6.5
"382",2020,"America","Uruguay",0,0,0,0.2,1.2,0.7,1,0.6,0.5,1.3,0.4,76.9,7.1
"383",2020,"America","Venezuela",0.4,1.5,1.2,13,-1.5,-1.7,-1.4,-2.3,-2.4,-1.4,-1.2,72,24.2
"384",2020,"America","Virgin Islands, U.S.",0,0,0,0.1,0.6,0.8,1.1,1.1,1.2,0,-0.3,64.4,0
"385",2020,"Asia","Bangladesh",0.2,0.2,0.6,5.1,-1,-0.7,-0.9,-0.6,-0.9,-0.7,1,12.9,30.8
"386",2020,"Asia","Cambodia",0,0.1,0.1,2.1,-1.3,-0.6,-0.1,-0.9,-0.6,-1.2,1.4,40,26.6
"387",2020,"Asia","China",0,0,0.9,24.9,-0.3,0.5,-0.2,-0.3,-0.2,-1.6,0.4,54.3,7.9
"388",2020,"Asia","India",1.1,0.1,7.2,60.7,-0.2,0.2,-0.7,0,-0.2,0.3,1,34.5,34.3
"389",2020,"Asia","Indonesia",0.1,0,0.7,29.1,-0.4,0.2,-0.5,-0.3,-0.1,0.2,1.1,47.7,23.9
"390",2020,"Asia","Japan",0,0,0.6,16.2,1.5,1.6,1,1.5,1.3,1,-0.2,84.6,2.5
"391",2020,"Asia","Laos",0,0,0,0.1,-1.1,-0.8,0.5,-0.9,-0.7,-1.8,1.5,25.5,45.5
"392",2020,"Asia","Malaysia",0,0,0,1.4,0.2,1,0.1,0.6,0.7,0,1.3,84.2,8.6
"393",2020,"Asia","Mongolia",0,0,0,0.8,-0.4,-0.2,0.6,-0.3,0,0.3,1.7,51.1,15.6
"394",2020,"Asia","Myanmar",0.5,1.2,0.6,23.7,-0.6,-1.1,-1.3,-1.1,-0.8,-0.8,0.6,30.7,44.7
"395",2020,"Asia","Nepal",0,0.1,0.3,2.8,-0.7,-1,-0.5,-0.5,-0.7,-0.1,1.8,34,30.8
"396",2020,"Asia","North Korea",0,0,0,0.5,-1.6,-1.4,-0.3,-1.7,-2.4,-2.2,0.5,0,17.3
"397",2020,"Asia","Pakistan",0.7,0.4,3.5,29.6,-0.8,-0.7,-2.2,-0.7,-0.6,-0.8,2,17.1,67.2
"398",2020,"Asia","Philippines",1.2,1.3,0.7,27.1,-0.6,0.1,-0.9,-0.5,0,0,1.4,43,27.3
"399",2020,"Asia","South Korea",0,0,2,52,0.8,1.4,0.5,1.2,1.1,0.8,0.2,96.2,3.2
"400",2020,"Asia","Sri Lanka",0,0.2,0.2,1.8,-0.3,-0.1,-0.2,0,-0.2,0,0.6,34.1,7.1
"401",2020,"Asia","Taiwan",0,0,0.2,5.6,1,1.4,0.7,1.1,1.4,1,0,0,0
"402",2020,"Asia","Thailand",0.1,0.1,0.4,16.1,-0.4,0.4,-0.5,0.1,0.1,-0.8,0.3,66.7,9
"403",2020,"Asia","Vietnam",0,0,0,0.3,-0.5,0,0.1,0,-0.3,-1.4,1,68.7,19.9
"404",2020,"Caucasus and the Middle East","Afghanistan",17.5,54.9,3,47.7,-1.4,-1.5,-2.6,-1.7,-1.1,-1,2.3,13.5,60.3
"405",2020,"Caucasus and the Middle East","Algeria",0,0.1,0.9,26.1,-0.6,-0.5,-1,-0.8,-1.3,-1,1.9,59.6,23.3
"406",2020,"Caucasus and the Middle East","Armenia",0,0.9,0.6,10.2,-0.2,-0.1,-0.5,-0.1,0.2,0.1,0.2,64.7,11.8
"407",2020,"Caucasus and the Middle East","Azerbaijan",5.6,66.5,1.7,26.8,-0.9,-0.1,-0.7,-0.6,-0.2,-1.5,0.8,79.8,20.4
"408",2020,"Caucasus and the Middle East","Bahrain",0,0,0.1,0.5,0,0.3,-0.7,0.5,0.5,-1.4,4.5,99.7,6.9
"409",2020,"Caucasus and the Middle East","Egypt",0.5,0.6,0.3,7.7,-0.7,-0.4,-1.1,-0.4,-0.8,-1.4,2,57.3,20.3
"410",2020,"Caucasus and the Middle East","Georgia",0,0,0.4,5.9,0.7,0.8,-0.4,0.3,1.1,0.2,-0.2,68.8,9.6
"411",2020,"Caucasus and the Middle East","Iran",0.3,0.4,0.9,5,-1,-0.6,-1.7,-0.7,-1.4,-1.4,1.4,70,13.9
"412",2020,"Caucasus and the Middle East","Iraq",2.3,6.9,2.3,12.9,-1.3,-1.3,-2.6,-1.7,-1.2,-0.9,2.3,49.4,25.9
"413",2020,"Caucasus and the Middle East","Israel",0,0,2.1,11.4,0.8,1.3,-0.8,1,1.3,0.7,1.9,86.8,3.7
"414",2020,"Caucasus and the Middle East","Jordan",0,0.1,0,0.3,0.1,0.1,-0.4,0.1,0,-0.7,1.5,66.8,15.6
"415",2020,"Caucasus and the Middle East","Kazakhstan",0,0.1,0.3,5.4,-0.3,0.1,-0.1,-0.4,0.1,-1.2,1.3,81.9,10.5
"416",2020,"Caucasus and the Middle East","Kuwait",0,0,0,0,-0.1,0,0.2,0.2,0.1,-0.6,1.7,99.5,7.9
"417",2020,"Caucasus and the Middle East","Kyrgyzstan",0,0,0.1,2.2,-0.9,-0.7,-0.4,-0.9,-0.3,-0.5,2.1,38,18.3
"418",2020,"Caucasus and the Middle East","Lebanon",0,0.6,1,5.4,-1.2,-0.8,-1.6,-0.9,-0.4,-0.5,0.1,78.2,7.2
"419",2020,"Caucasus and the Middle East","Libya",1.2,22.1,0.5,16.4,-1.6,-1.9,-2.6,-1.8,-2.3,-1.5,1.5,21.8,11.5
"420",2020,"Caucasus and the Middle East","Morocco",0,0,0.6,16.5,-0.3,-0.1,-0.4,-0.1,-0.2,-0.6,1.2,74.4,21.4
"421",2020,"Caucasus and the Middle East","Oman",0,0,0,0,0.5,0.3,0.6,0.6,0.3,-1.1,3,92.4,11.4
"422",2020,"Caucasus and the Middle East","Palestine",0,0.8,0.5,2.6,-0.3,-0.7,-1.9,-0.5,0,-1,2.5,70.6,19.4
"423",2020,"Caucasus and the Middle East","Qatar",0,0,0,0,0.8,0.7,0.7,0.7,0.7,-1.3,1.8,99.7,6.5
"424",2020,"Caucasus and the Middle East","Saudi Arabia",0.1,0.2,0,0.3,0.3,0.3,-0.4,0.2,-0.1,-1.6,1.7,95.7,6.6
"425",2020,"Caucasus and the Middle East","Sudan",0.8,2.2,0.4,12.1,-1.4,-1.6,-1.7,-1.1,-1.7,-1.6,2.4,30.9,58.4
"426",2020,"Caucasus and the Middle East","Syria",6.6,46.6,4.8,26.4,-1.7,-1.7,-2.7,-2.1,-1.8,-2,1,34.3,21.5
"427",2020,"Caucasus and the Middle East","Tajikistan",0,0,0,0.2,-1.3,-1,-0.6,-1.2,-1,-1.8,2.4,22,33.8
"428",2020,"Caucasus and the Middle East","Tunisia",0,0.1,0.7,21.2,-0.1,-0.1,-0.8,0.1,-0.4,0.3,1.1,66.7,16.9
"429",2020,"Caucasus and the Middle East","Turkey",0.5,0.7,1.7,9.3,-0.3,0,-1.3,-0.3,0,-0.8,1.3,74,10
"430",2020,"Caucasus and the Middle East","Turkmenistan",0,0,0,0.1,-1.5,-1.2,-0.1,-1.4,-2,-2.1,1.5,21.3,42
"431",2020,"Caucasus and the Middle East","United Arab Emirates",0,0,0,0,1.1,1.4,0.7,0.8,1,-1.1,1.4,99.2,7.5
"432",2020,"Caucasus and the Middle East","Uzbekistan",0,0,0.1,1.4,-1.1,-0.5,-0.3,-1,-1,-1.6,1.9,52.3,17.4
"433",2020,"Caucasus and the Middle East","Yemen",16.5,67.8,4.7,25.9,-1.7,-2.3,-2.8,-1.8,-1.7,-1.8,2.3,26.7,58.4
"434",2020,"Europe","Albania",0,0,0.1,1.9,-0.5,-0.1,0.1,-0.4,0.3,0.2,-0.4,69.6,9.7
"435",2020,"Europe","Andorra",0,0,0,0.1,1.2,1.9,1.6,1.6,1.2,1.1,0.2,91.6,3
"436",2020,"Europe","Austria",0,0.1,0.2,2.5,1.5,1.5,1,1.9,1.5,1.3,0.4,87.8,3.5
"437",2020,"Europe","Bailiwick of Guernsey",0,0,0,0,0,0,0,0,0,0,0,0,0
"438",2020,"Europe","Bailiwick of Jersey",0,0,0,0,0,0,0,0,0,0,0,0,0
"439",2020,"Europe","Belarus",0,0.1,0.7,10,-0.1,-0.2,0.3,-0.8,-0.5,-1.4,-0.2,82.8,3.2
"440",2020,"Europe","Belgium",0,0,0.3,5.4,1.6,1,0.5,1.4,1.3,1.4,0.5,90.4,3.4
"441",2020,"Europe","Bosnia and Herzegovina",0,0,0.1,1.2,-0.6,-0.6,-0.4,-0.2,-0.2,-0.2,-0.7,69.9,5.9
"442",2020,"Europe","Bulgaria",0,0,0.4,5,-0.2,0.3,0.5,0,0.5,0.4,-0.7,67.9,6.7
"443",2020,"Europe","Croatia",0,0,0.1,1.2,0.1,0.4,0.8,0.4,0.6,0.5,-0.5,79.1,4.8
"444",2020,"Europe","Cyprus",0,0,0.1,2.3,0.6,1,0.5,0.8,1,1.1,0.8,86.1,2.3
"445",2020,"Europe","Czech Republic",0,0,0.1,1.3,0.5,0.9,1,1,1.2,0.9,0.4,80.9,3.2
"446",2020,"Europe","Denmark",0,0,0.2,24.7,2.1,1.9,1,1.9,1.6,1.6,0.4,98,3.8
"447",2020,"Europe","Estonia",0,0,0.1,5.8,1.5,1.2,0.6,1.3,1.6,1.2,0.3,89.5,2.4
"448",2020,"Europe","Faroe Islands",0,0,0,0.1,0,0,0,0,0,0,0.4,97.6,0
"449",2020,"Europe","Finland",0,0,0.1,10.3,2.2,1.9,0.9,2,1.9,1.6,0.1,89.6,2.4
"450",2020,"Europe","France",0,0,2.2,36.2,1.3,1.4,0.3,1.4,1.4,1.1,0.1,83.3,4.5
"451",2020,"Europe","Germany",0,0,1.9,31.8,1.9,1.6,0.6,1.6,1.7,1.3,0.3,88.1,3.8
"452",2020,"Europe","Gibraltar",0,0,0,0,0,0,0,0,0,0,-0.1,94.4,0
"453",2020,"Europe","Greece",0,0.1,0.4,8,0,0.4,0.3,0.2,0.5,0.9,-0.2,75.7,3.8
"454",2020,"Europe","Greenland",0,0,0,0.1,1,0.8,1.9,1.7,1.4,1.3,0.4,69.5,0
"455",2020,"Europe","Hungary",0,0,0.1,1.1,0,0.5,0.7,0.5,0.6,0.2,-0.1,80.4,3.7
"456",2020,"Europe","Iceland",0,0.8,0,1.4,1.7,1.5,1.7,1.8,1.4,1.3,2.4,99,2
"457",2020,"Europe","Ireland",0,0,0.1,2,1.5,1.3,1,1.4,1.6,1.3,1.5,84.5,3.3
"458",2020,"Europe","Isle of Man",0,0,0,0,0,0,0,0,0,0,0,0,0
"459",2020,"Europe","Italy",0,0,2.3,48.8,0.2,0.5,0.5,0.3,1,1,-0.2,74.4,3.1
"460",2020,"Europe","Kosovo",0,0,0,0.6,-0.6,-0.3,-0.4,-0.4,-0.3,-0.1,-0.2,89.4,0
"461",2020,"Europe","Latvia",0,0,0,2.9,0.5,1.1,0.4,1,1.2,0.9,-0.7,86.1,3.6
"462",2020,"Europe","Liechtenstein",0,0,0,0,2,1.7,1.6,1.7,1.5,1.3,0.3,98.1,0
"463",2020,"Europe","Lithuania",0,0,0,2.5,0.7,1,0.8,1,1.2,1,-0.5,81.6,3.7
"464",2020,"Europe","Luxembourg",0,0,0,0.3,2.1,1.7,1.4,1.8,1.7,1.5,1.9,97.1,2.8
"465",2020,"Europe","Malta",0,0,0,0.5,0.2,0.9,1.1,1,1,1.1,3.7,85.8,7
"466",2020,"Europe","Moldova",0,0,0.1,1.7,-0.6,-0.4,-0.4,-0.4,0,-0.1,-1.8,76.1,14.4
"467",2020,"Europe","Monaco",0,0,0,0,0,0,1.6,0,0,0.7,0.7,97.1,3.1
"468",2020,"Europe","Montenegro",0,0,0.1,2,0,0.2,0,0.1,0.4,0,0,73.5,2.3
"469",2020,"Europe","Netherlands",0,0,0.3,4.8,2,1.8,0.9,1.8,1.9,1.6,0.6,93.3,4
"470",2020,"Europe","North Macedonia",0,0,0.1,2,-0.4,0,0,-0.2,0.5,0,0,79.2,6.1
"471",2020,"Europe","Norway",0,0,0.1,12.5,2.1,1.9,1.2,2,1.8,1.7,0.7,98,2.4
"472",2020,"Europe","Poland",0,0,0.7,10.2,0.6,0.6,0.5,0.5,1,0.7,0,84.5,4.4
"473",2020,"Europe","Portugal",0,0,0.1,3.2,0.8,1.2,1.1,1.1,1,1.2,-0.1,75.3,3.7
"474",2020,"Europe","Romania",0,0,0.1,1.1,0,0,0,0,0,0,0,0,0
"475",2020,"Europe","Russia",0,0,0.7,9,-0.8,0.2,-0.5,-0.7,-0.4,-1.1,-0.1,82.6,5.8
"476",2020,"Europe","San Marino",0,0,0,0,0,0,0.9,0,0,1.2,0.2,60.2,1.7
"477",2020,"Europe","Serbia",0,0,0.2,2.3,-0.4,0,-0.1,-0.1,0.1,0,-0.5,77.4,5.3
"478",2020,"Europe","Slovakia",0,0,0.1,0.8,0.3,0.7,0.8,0.6,1,0.9,0.1,82.9,5.8
"479",2020,"Europe","Slovenia",0,0,0.1,1.1,0.9,1.1,0.8,1.1,1,1,0.7,83.1,2.1
"480",2020,"Europe","Spain",0,0,1.4,29.7,0.6,1,0.3,1,1.1,1.1,0.6,90.7,3.1
"481",2020,"Europe","Sweden",0,0,0.4,39.7,2.1,1.8,1.1,1.9,1.8,1.6,1.1,94.5,2.6
"482",2020,"Europe","Switzerland",0,0,0.1,1.1,2,2,1.3,1.9,1.7,1.5,0.7,93.1,4
"483",2020,"Europe","Ukraine",0.1,0.2,4,54.9,-0.7,-0.3,-1.5,-0.7,-0.3,0.1,-0.5,58.9,8.4
"484",2020,"Europe","United Kingdom",0,0,0.9,15.7,1.8,1.4,0.5,1.6,1.6,1.3,0.6,92.5,4.3
"485",2020,"Europe","Vatican City",0,0,0,0,0,0,0,0,0,0,0,0,0
"486",2021,"Africa","Angola",0.1,0,0.1,2.9,-1.1,-1.1,-0.3,-1.1,-0.9,-0.8,3.2,14.3,74.7
"487",2021,"Africa","Benin",0.1,0.1,0,1,-0.3,-0.4,-0.3,-0.7,-0.4,0.1,2.7,20,90.3
"488",2021,"Africa","Burkina Faso",1,0.7,0.3,9.1,-0.2,-0.8,-1.2,-0.4,-0.4,-0.2,2.8,16,87.5
"489",2021,"Africa","Burundi",0.2,0.3,0.1,5.4,-1.5,-1.3,-1.6,-1.4,-0.9,-1.7,3.1,2.7,56.5
"490",2021,"Africa","Cameroon",0.7,0.4,0.5,19.5,-1.2,-0.8,-1.6,-1.1,-0.8,-1.2,2.6,23.2,74.8
"491",2021,"Africa","Central African Republic",0.9,3.1,0.3,12.4,-1.2,-1.7,-2.2,-1.7,-1.4,-1.2,1.7,4.3,110.1
"492",2021,"Africa","Chad",0.3,0.3,0.1,2.6,-1.4,-1.6,-1.3,-1.3,-1.1,-1.4,3,6.5,113.8
"493",2021,"Africa","Democratic Republic of Congo",4.2,0.7,1.4,61.9,-1.5,-1.6,-1.8,-1.8,-1.5,-1.4,3.2,8.6,84.8
"494",2021,"Africa","Djibouti",0,0.2,0,1.1,-0.9,-0.7,-0.3,-0.9,-0.8,-1.4,1.5,55.7,57.5
"495",2021,"Africa","Eritrea",0,0,0,0.1,-1.4,-1.8,-0.7,-1.6,-2.3,-2.2,0,1.3,40.5
"496",2021,"Africa","eSwatini",0,0.2,0,2.7,-0.5,-0.7,-0.4,-0.5,-0.6,-1.3,1,47,49.4
"497",2021,"Africa","Ethiopia",1.7,0.2,0.3,11.9,-0.4,-0.6,-1.3,-0.5,-0.9,-1,2.6,18.6,50.7
"498",2021,"Africa","Gabon",0,0.1,0,0.5,-0.9,-0.9,-0.2,-0.7,-1,-1,2.5,62,42.5
"499",2021,"Africa","Gambia",0,0,0,0.2,-0.3,-0.6,0.1,-0.4,-0.7,-0.2,2.9,19.8,51.7
"500",2021,"Africa","Ghana",0,0,0,0.5,-0.1,-0.2,0.1,0,-0.1,0.6,2.2,39,46.2
"501",2021,"Africa","Guinea",0,0,0.1,2.9,-0.9,-0.8,-0.8,-1.2,-0.8,-0.7,2.8,18,98.8
"502",2021,"Africa","Guinea-Bissau",0,0,0,0.4,-1.5,-1.5,-0.6,-1.3,-1.2,-0.5,2.5,3.9,78.5
"503",2021,"Africa","Ivory Coast",0,0,0.1,2,-0.5,-0.5,-1,-0.6,-0.2,-0.2,2.5,36.5,79.3
"504",2021,"Africa","Kenya",0.2,0.1,0.1,2.8,-0.8,-0.4,-1.1,-0.5,-0.3,-0.3,2.3,22.6,43.2
"505",2021,"Africa","Lesotho",0,0,0,0.5,0,-0.8,-0.4,-0.4,-0.5,0,0.8,29,86.4
"506",2021,"Africa","Liberia",0,0,0,0.7,-0.9,-1.4,-0.2,-1,-1,0,2.4,8,84.6
"507",2021,"Africa","Madagascar",0.1,0.1,0.1,2.6,-1,-1.1,-0.3,-1,-0.7,-0.2,2.7,9.8,50.6
"508",2021,"Africa","Malawi",0.1,0,0.1,3.7,-0.8,-0.7,-0.3,-0.3,-0.7,-0.1,2.6,13.8,41.6
"509",2021,"Africa","Mali",1.7,1.3,0.4,15.3,-0.7,-1.1,-2.2,-0.8,-0.6,-0.4,3,13,94
"510",2021,"Africa","Mauritania",0,0,0.2,5.7,-0.9,-0.5,-0.5,-0.6,-0.8,-0.8,2.7,20.8,72.9
"511",2021,"Africa","Mozambique",0.5,0.2,0.1,5.1,-0.8,-0.8,-0.7,-1,-0.7,-0.5,2.9,10,74.2
"512",2021,"Africa","Namibia",0,0,0.1,15.1,0.4,0.1,0.5,0.3,-0.1,0.5,1.9,51,42.4
"513",2021,"Africa","Niger",1.2,0.8,0.2,5.6,-0.6,-0.8,-1.4,-0.5,-0.7,-0.6,3.8,5.3,80.4
"514",2021,"Africa","Nigeria",9.2,0.7,1.5,53.4,-1.1,-1.1,-1.9,-0.9,-0.9,-0.4,2.6,42,117.2
"515",2021,"Africa","Republic of Congo",0,0,0,0.1,-1.4,-1.4,-0.9,-1.1,-1.3,-1.3,2.6,8.7,47.8
"516",2021,"Africa","Rwanda",0,0,0,0.2,0.6,0.2,0.1,0.1,0.1,-1.1,2.6,21.8,34.3
"517",2021,"Africa","Senegal",0,0,0,1.7,0,-0.1,0.1,-0.2,-0.1,0.3,2.7,46,45.3
"518",2021,"Africa","Sierra Leone",0,0,0,0.5,-0.4,-1.1,-0.1,-0.8,-0.9,-0.1,2.1,9,109.2
"519",2021,"Africa","Somalia",2.9,2.9,1.1,41.3,-1.7,-2.2,-2.4,-2.4,-2.2,-1.8,2.9,2,117
"520",2021,"Africa","South Africa",0.2,0,0.4,78,0.1,0.4,-0.2,-0.1,0.2,0.7,1.3,56.2,34.5
"521",2021,"Africa","South Sudan",1.4,2,0.3,11.8,-1.8,-2.5,-2.6,-2,-2,-2,0.8,8,96.2
"522",2021,"Africa","Tanzania",0,0,0,0.2,-0.4,-0.9,-0.4,-0.6,-0.6,-0.5,3,25,50.3
"523",2021,"Africa","Togo",0,0,0,0.8,-0.7,-0.9,-0.8,-0.6,-0.7,-0.7,2.4,12.4,66.9
"524",2021,"Africa","Uganda",0.5,0.2,0.4,13.9,-1.2,-0.6,-0.6,-0.3,-0.4,-0.6,3.6,23.7,45.8
"525",2021,"Africa","Zambia",0,0,0,2.2,-0.6,-0.7,-0.1,-0.5,-0.6,-0.3,2.9,14.3,61.7
"526",2021,"Africa","Zimbabwe",0,0,0,1.6,-1.2,-1.2,-0.9,-1.3,-1.5,-1.1,1.4,27.1,54.6
"527",2021,"America","Anguilla",0,0,0,0.4,1.2,0.8,1.4,0.4,0.8,0,0,0,0
"528",2021,"America","Argentina",0,0,1,11.4,-0.1,-0.1,-0.1,-0.4,-0.5,0.6,1,74.3,9.3
"529",2021,"America","Bahamas",0,0,0,1.1,1.2,0.5,0.8,0.1,0,0.9,1,85,12.6
"530",2021,"America","Belize",0,1,0,2.3,-0.2,-0.7,0.1,-0.8,-0.5,0.5,1.9,47.1,12.3
"531",2021,"America","Bolivia",0,0,0.3,3.5,-0.7,-0.7,-0.6,-1.1,-1,-0.1,1.4,43.8,26
"532",2021,"America","Brazil",5.1,0.4,4.3,48.3,-0.3,-0.2,-0.5,-0.2,-0.2,0.3,0.8,67.5,13.9
"533",2021,"America","Caribbean Netherlands",0,0,0,0.4,0,0,0,0,0,0,0,0,0
"534",2021,"America","Chile",0,0,0.6,6.9,1.1,1.1,0.2,1.1,1.2,1,1.2,82.3,7
"535",2021,"America","Colombia",0.9,0.3,1,10.8,-0.2,0.1,-0.9,-0.4,0.4,0.2,1.4,65,13.8
"536",2021,"America","Costa Rica",0,0,0,3.2,0.7,0.4,0.5,0.5,0.5,1.1,1,81.2,8.6
"537",2021,"America","Cuba",0,0,0,4.2,0,-0.2,0.6,-0.3,-1.5,-1.4,0,61.8,5.1
"538",2021,"America","Dominican Republic",0,0,0,1.8,-0.8,-0.4,0,-0.3,-0.1,0.2,1,74.8,28
"539",2021,"America","Ecuador",0,0,0.1,1.4,-0.5,-0.4,-0.2,-0.6,-0.8,0.1,1.7,57.3,14
"540",2021,"America","El Salvador",0.5,1.2,0.3,26,-0.6,-0.5,-0.1,-0.8,0,0.1,0.5,33.8,13.3
"541",2021,"America","French Guiana",0,0,0,0.1,0.9,1.4,0.3,1.2,1.3,1.3,0,0,0
"542",2021,"America","Guadeloupe",0,0,0,3.2,0,0,0,0,0,0,0,0,0
"543",2021,"America","Guatemala",0.1,0.1,0.2,14.7,-0.9,-0.7,-0.5,-1.1,-0.2,-0.3,1.6,65,24.5
"544",2021,"America","Guyana",0,0,0,0.1,-0.1,-0.4,-0.2,-0.4,-0.6,0.3,0.5,37.3,29.3
"545",2021,"America","Haiti",0.2,0.3,0.4,44,-1.3,-2,-0.8,-1,-1.3,-0.7,1.2,32.5,62.8
"546",2021,"America","Honduras",0.6,0.9,0.5,36.3,-0.8,-0.6,-0.5,-1,-0.5,-0.6,1.6,31.7,16.8
"547",2021,"America","Jamaica",0.2,0.9,0.1,9.2,-0.1,0.5,0.4,-0.3,0.2,0.6,0.5,55.1,13.9
"548",2021,"America","Martinique",0,0,0,2.5,1.2,1.1,0.8,0.6,1.2,0,0,0,0
"549",2021,"America","Mexico",8.1,1,5,48.7,-0.8,-0.2,-0.7,-0.7,0.1,0,1.1,70.1,14.2
"550",2021,"America","Nicaragua",0,0,0,1.8,-1.1,-0.8,-1,-1.2,-0.7,-1.1,1.2,27.9,16.6
"551",2021,"America","Panama",0,0,0.2,15.8,-0.6,0.1,0.3,-0.1,0.4,0.6,1.7,63.6,14.9
"552",2021,"America","Paraguay",0,0.1,0.3,3.2,-0.8,-0.5,0,-0.6,-0.2,0.1,1.3,68.5,19.4
"553",2021,"America","Peru",0,0,0.5,5.4,-0.4,-0.1,-0.1,-0.5,0.6,0.3,1.6,60,13.2
"554",2021,"America","Puerto Rico",0.1,0.7,0.1,12.3,0,-0.2,0.1,0.6,0.7,0.5,0,70.9,0
"555",2021,"America","Suriname",0,0,0,0.1,-0.4,-0.6,0.1,-0.1,-0.7,0.4,0.9,48.9,18
"556",2021,"America","Trinidad and Tobago",0.1,1.1,0.2,20.8,-0.2,0.1,0.1,-0.1,-0.2,0.6,0.4,77.3,17.5
"557",2021,"America","Turks and Caicos Islands",0,0,0,0.4,0,0,0,0,0,0,1.4,0,0
"558",2021,"America","United States",0.1,0,5.3,51.3,1.2,1.5,0.3,1.5,1.3,1,0.5,87.3,6.5
"559",2021,"America","Venezuela",0.2,0.1,0.8,8.6,-1.5,-1.7,-1.4,-2.3,-2.4,-1.4,-1.2,72,24.2
"560",2021,"Asia","Bangladesh",0.2,0,0.8,5.8,-1,-0.7,-0.9,-0.6,-0.9,-0.7,1,12.9,30.8
"561",2021,"Asia","Cambodia",0,0,0,0.7,-1.3,-0.6,-0.1,-0.9,-0.6,-1.2,1.4,40,26.6
"562",2021,"Asia","China",0,0,0.4,13.5,-0.3,0.5,-0.2,-0.3,-0.2,-1.6,0.4,54.3,7.9
"563",2021,"Asia","India",0.6,0,8.1,58.8,-0.2,0.2,-0.7,0,-0.2,0.3,1,34.5,34.3
"564",2021,"Asia","Indonesia",0.2,0,0.4,8.9,-0.4,0.2,-0.5,-0.3,-0.1,0.2,1.1,47.7,23.9
"565",2021,"Asia","Japan",0,0,0.5,14.6,1.5,1.6,1,1.5,1.3,1,-0.2,84.6,2.5
"566",2021,"Asia","Malaysia",0,0,0,0.6,0.2,1,0.1,0.6,0.7,0,1.3,84.2,8.6
"567",2021,"Asia","Mongolia",0,0,0,1.2,-0.4,-0.2,0.6,-0.3,0,0.3,1.7,51.1,15.6
"568",2021,"Asia","Myanmar",0.4,0.1,3.5,69.8,-0.6,-1.1,-1.3,-1.1,-0.8,-0.8,0.6,30.7,44.7
"569",2021,"Asia","Nepal",0,0,1.2,9,-0.7,-1,-0.5,-0.5,-0.7,-0.1,1.8,34,30.8
"570",2021,"Asia","North Korea",0,0,0,1.3,-1.6,-1.4,-0.3,-1.7,-2.4,-2.2,0.5,0,17.3
"571",2021,"Asia","Pakistan",0.8,0.1,3.3,23.6,-0.8,-0.7,-2.2,-0.7,-0.6,-0.8,2,17.1,67.2
"572",2021,"Asia","Philippines",1.5,0.2,0.7,13.8,-0.6,0.1,-0.9,-0.5,0,0,1.4,43,27.3
"573",2021,"Asia","South Korea",0,0,1.9,58.6,0.8,1.4,0.5,1.2,1.1,0.8,0.2,96.2,3.2
"574",2021,"Asia","Sri Lanka",0,0,0.4,2.8,-0.3,-0.1,-0.2,0,-0.2,0,0.6,34.1,7.1
"575",2021,"Asia","Taiwan",0,0,0.3,10.7,1,1.4,0.7,1.1,1.4,1,0,0,0
"576",2021,"Asia","Thailand",0,0,0.3,6.1,-0.4,0.4,-0.5,0.1,0.1,-0.8,0.3,66.7,9
"577",2021,"Caucasus and the Middle East","Afghanistan",26.5,10.7,4.1,73.1,-1.4,-1.5,-2.6,-1.7,-1.1,-1,2.3,13.5,60.3
"578",2021,"Caucasus and the Middle East","Algeria",0.1,0,0.9,29.1,-0.6,-0.5,-1,-0.8,-1.3,-1,1.9,59.6,23.3
"579",2021,"Caucasus and the Middle East","Armenia",0,0,0.2,2.8,-0.2,-0.1,-0.5,-0.1,0.2,0.1,0.2,64.7,11.8
"580",2021,"Caucasus and the Middle East","Azerbaijan",0.1,0.1,0.1,1.6,-0.9,-0.1,-0.7,-0.6,-0.2,-1.5,0.8,79.8,20.4
"581",2021,"Caucasus and the Middle East","Bahrain",0,0,0.2,0.8,0,0.3,-0.7,0.5,0.5,-1.4,4.5,99.7,6.9
"582",2021,"Caucasus and the Middle East","Egypt",0.4,0.1,0.2,6.9,-0.7,-0.4,-1.1,-0.4,-0.8,-1.4,2,57.3,20.3
"583",2021,"Caucasus and the Middle East","Georgia",0,0,0.5,8.2,0.7,0.8,-0.4,0.3,1.1,0.2,-0.2,68.8,9.6
"584",2021,"Caucasus and the Middle East","Iran",0.1,0,1.3,6.4,-1,-0.6,-1.7,-0.7,-1.4,-1.4,1.4,70,13.9
"585",2021,"Caucasus and the Middle East","Iraq",2.2,0.9,2.1,10.3,-1.3,-1.3,-2.6,-1.7,-1.2,-0.9,2.3,49.4,25.9
"586",2021,"Caucasus and the Middle East","Israel",0,0,4.9,23.7,0.8,1.3,-0.8,1,1.3,0.7,1.9,86.8,3.7
"587",2021,"Caucasus and the Middle East","Jordan",0,0,0,0,0.1,0.1,-0.4,0.1,0,-0.7,1.5,66.8,15.6
"588",2021,"Caucasus and the Middle East","Kazakhstan",0,0,0.4,7.4,-0.3,0.1,-0.1,-0.4,0.1,-1.2,1.3,81.9,10.5
"589",2021,"Caucasus and the Middle East","Kyrgyzstan",0,0,0.2,4.2,-0.9,-0.7,-0.4,-0.9,-0.3,-0.5,2.1,38,18.3
"590",2021,"Caucasus and the Middle East","Lebanon",0,0.1,0.8,3.6,-1.2,-0.8,-1.6,-0.9,-0.4,-0.5,0.1,78.2,7.2
"591",2021,"Caucasus and the Middle East","Libya",0,0,0,0.9,-1.6,-1.9,-2.6,-1.8,-2.3,-1.5,1.5,21.8,11.5
"592",2021,"Caucasus and the Middle East","Morocco",0,0,0.5,16.9,-0.3,-0.1,-0.4,-0.1,-0.2,-0.6,1.2,74.4,21.4
"593",2021,"Caucasus and the Middle East","Palestine",0.1,0.2,0.8,3.9,-0.3,-0.7,-1.9,-0.5,0,-1,2.5,70.6,19.4
"594",2021,"Caucasus and the Middle East","Saudi Arabia",0,0,0,0.2,0.3,0.3,-0.4,0.2,-0.1,-1.6,1.7,95.7,6.6
"595",2021,"Caucasus and the Middle East","Sudan",2.5,0.9,0.6,17.5,-1.4,-1.6,-1.7,-1.1,-1.7,-1.6,2.4,30.9,58.4
"596",2021,"Caucasus and the Middle East","Syria",7,6.4,5,24.1,-1.7,-1.7,-2.7,-2.1,-1.8,-2,1,34.3,21.5
"597",2021,"Caucasus and the Middle East","Tunisia",0,0,0.9,28.6,-0.1,-0.1,-0.8,0.1,-0.4,0.3,1.1,66.7,16.9
"598",2021,"Caucasus and the Middle East","Turkey",0.1,0,1.9,9.3,-0.3,0,-1.3,-0.3,0,-0.8,1.3,74,10
"599",2021,"Caucasus and the Middle East","Turkmenistan",0,0,0,0.1,-1.5,-1.2,-0.1,-1.4,-2,-2.1,1.5,21.3,42
"600",2021,"Caucasus and the Middle East","Uzbekistan",0,0,0.2,2.7,-1.1,-0.5,-0.3,-1,-1,-1.6,1.9,52.3,17.4
"601",2021,"Caucasus and the Middle East","Yemen",13.4,7.1,3.7,17.6,-1.7,-2.3,-2.8,-1.8,-1.7,-1.8,2.3,26.7,58.4
"602",2021,"Europe","Albania",0,0,0,0.6,-0.5,-0.1,0.1,-0.4,0.3,0.2,-0.4,69.6,9.7
"603",2021,"Europe","Andorra",0,0,0,0.1,1.2,1.9,1.6,1.6,1.2,1.1,0.2,91.6,3
"604",2021,"Europe","Austria",0,0,0.4,7,1.5,1.5,1,1.9,1.5,1.3,0.4,87.8,3.5
"605",2021,"Europe","Belarus",0,0,1.5,21.5,-0.1,-0.2,0.3,-0.8,-0.5,-1.4,-0.2,82.8,3.2
"606",2021,"Europe","Belgium",0,0,0.3,5.3,1.6,1,0.5,1.4,1.3,1.4,0.5,90.4,3.4
"607",2021,"Europe","Bosnia and Herzegovina",0,0,0.1,1.2,-0.6,-0.6,-0.4,-0.2,-0.2,-0.2,-0.7,69.9,5.9
"608",2021,"Europe","Bulgaria",0,0,0.2,2.4,-0.2,0.3,0.5,0,0.5,0.4,-0.7,67.9,6.7
"609",2021,"Europe","Croatia",0,0,0,0.5,0.1,0.4,0.8,0.4,0.6,0.5,-0.5,79.1,4.8
"610",2021,"Europe","Cyprus",0,0,0.1,1.6,0.6,1,0.5,0.8,1,1.1,0.8,86.1,2.3
"611",2021,"Europe","Czech Republic",0,0,0.1,1.3,0.5,0.9,1,1,1.2,0.9,0.4,80.9,3.2
"612",2021,"Europe","Denmark",0,0,0.2,22.5,2.1,1.9,1,1.9,1.6,1.6,0.4,98,3.8
"613",2021,"Europe","Estonia",0,0,0.1,9.3,1.5,1.2,0.6,1.3,1.6,1.2,0.3,89.5,2.4
"614",2021,"Europe","Finland",0,0,0.1,7.8,2.2,1.9,0.9,2,1.9,1.6,0.1,89.6,2.4
"615",2021,"Europe","France",0,0,2.9,51.7,1.3,1.4,0.3,1.4,1.4,1.1,0.1,83.3,4.5
"616",2021,"Europe","Germany",0,0,1.3,23.9,1.9,1.6,0.6,1.6,1.7,1.3,0.3,88.1,3.8
"617",2021,"Europe","Greece",0,0,0.3,5.9,0,0.4,0.3,0.2,0.5,0.9,-0.2,75.7,3.8
"618",2021,"Europe","Greenland",0,0,0,0.8,1,0.8,1.9,1.7,1.4,1.3,0.4,69.5,0
"619",2021,"Europe","Hungary",0,0,0,0.2,0,0.5,0.7,0.5,0.6,0.2,-0.1,80.4,3.7
"620",2021,"Europe","Iceland",0,0,0,2.7,1.7,1.5,1.7,1.8,1.4,1.3,2.4,99,2
"621",2021,"Europe","Ireland",0,0,0,0.8,1.5,1.3,1,1.4,1.6,1.3,1.5,84.5,3.3
"622",2021,"Europe","Italy",0,0,2.6,49.7,0.2,0.5,0.5,0.3,1,1,-0.2,74.4,3.1
"623",2021,"Europe","Kosovo",0,0,0,0.4,-0.6,-0.3,-0.4,-0.4,-0.3,-0.1,-0.2,89.4,0
"624",2021,"Europe","Latvia",0,0,0,2.3,0.5,1.1,0.4,1,1.2,0.9,-0.7,86.1,3.6
"625",2021,"Europe","Lithuania",0,0,0,2.7,0.7,1,0.8,1,1.2,1,-0.5,81.6,3.7
"626",2021,"Europe","Luxembourg",0,0,0,0.2,2.1,1.7,1.4,1.8,1.7,1.5,1.9,97.1,2.8
"627",2021,"Europe","Malta",0,0,0,0.1,0.2,0.9,1.1,1,1,1.1,3.7,85.8,7
"628",2021,"Europe","Moldova",0,0,0.1,1.5,-0.6,-0.4,-0.4,-0.4,0,-0.1,-1.8,76.1,14.4
"629",2021,"Europe","Monaco",0,0,0,0.1,0,0,1.6,0,0,0.7,0.7,97.1,3.1
"630",2021,"Europe","Montenegro",0,0,0,0.3,0,0.2,0,0.1,0.4,0,0,73.5,2.3
"631",2021,"Europe","Netherlands",0,0,0.4,6.6,2,1.8,0.9,1.8,1.9,1.6,0.6,93.3,4
"632",2021,"Europe","North Macedonia",0,0,0.1,1.2,-0.4,0,0,-0.2,0.5,0,0,79.2,6.1
"633",2021,"Europe","Norway",0,0,0.1,13.6,2.1,1.9,1.2,2,1.8,1.7,0.7,98,2.4
"634",2021,"Europe","Poland",0,0,0.8,11.7,0.6,0.6,0.5,0.5,1,0.7,0,84.5,4.4
"635",2021,"Europe","Portugal",0,0,0.1,2.1,0.8,1.2,1.1,1.1,1,1.2,-0.1,75.3,3.7
"636",2021,"Europe","Romania",0,0,0.3,3.8,0,0,0,0,0,0,0,0,0
"637",2021,"Europe","Russia",0,0,1.4,20.2,-0.8,0.2,-0.5,-0.7,-0.4,-1.1,-0.1,82.6,5.8
"638",2021,"Europe","Serbia",0,0,0.1,1.1,-0.4,0,-0.1,-0.1,0.1,0,-0.5,77.4,5.3
"639",2021,"Europe","Slovakia",0,0,0,0.1,0.3,0.7,0.8,0.6,1,0.9,0.1,82.9,5.8
"640",2021,"Europe","Slovenia",0,0,0.1,1.8,0.9,1.1,0.8,1.1,1,1,0.7,83.1,2.1
"641",2021,"Europe","Spain",0,0,1.9,35.1,0.6,1,0.3,1,1.1,1.1,0.6,90.7,3.1
"642",2021,"Europe","Sweden",0,0,0.3,38.4,2.1,1.8,1.1,1.9,1.8,1.6,1.1,94.5,2.6
"643",2021,"Europe","Switzerland",0,0,0,0.4,2,2,1.3,1.9,1.7,1.5,0.7,93.1,4
"644",2021,"Europe","Ukraine",0.1,0,2.5,35.4,-0.7,-0.3,-1.5,-0.7,-0.3,0.1,-0.5,58.9,8.4
"645",2021,"Europe","United Kingdom",0,0,0.2,4.1,1.8,1.4,0.5,1.6,1.6,1.3,0.6,92.5,4.3
